id,activity,application,application_id,attachments,attachments.0.content_type,attachments.0.filename,attachments.0.height,attachments.0.id,attachments.0.proxy_url,attachments.0.size,attachments.0.url,attachments.0.width,author.avatar,author.avatar_decoration_data,author.bot,author.clan,author.discriminator,author.global_name,author.id,author.primary_guild,author.public_flags,author.username,call,channel_id,components,content,date,edited_timestamp,embeds,embeds.0.description,embeds.0.provider.name,embeds.0.thumbnail.flags,embeds.0.thumbnail.height,embeds.0.thumbnail.proxy_url,embeds.0.thumbnail.url,embeds.0.thumbnail.width,embeds.0.title,embeds.0.type,embeds.0.url,flags,interaction,interaction.id,interaction.name,interaction.type,interaction.user.avatar,interaction.user.avatar_decoration_data,interaction.user.clan,interaction.user.discriminator,interaction.user.global_name,interaction.user.id,interaction.user.primary_guild,interaction.user.public_flags,interaction.user.username,mention_channels,mention_everyone,mentions,mentions.0.avatar,mentions.0.avatar_decoration_data,mentions.0.clan,mentions.0.discriminator,mentions.0.global_name,mentions.0.id,mentions.0.primary_guild,mentions.0.public_flags,mentions.0.username,mentions.1.avatar,mentions.1.avatar_decoration_data,mentions.1.clan,mentions.1.discriminator,mentions.1.global_name,mentions.1.id,mentions.1.primary_guild,mentions.1.public_flags,mentions.1.username,message_reference,message_reference.channel_id,message_reference.guild_id,message_reference.message_id,message_reference.type,nonce,pinned,position,reactions,reactions.0.burst_colors,reactions.0.burst_count,reactions.0.burst_me,reactions.0.count,reactions.0.count_details.burst,reactions.0.count_details.normal,reactions.0.emoji.id,reactions.0.emoji.name,reactions.0.me,reactions.0.me_burst,reactions.1.burst_colors,reactions.1.burst_count,reactions.1.burst_me,reactions.1.count,reactions.1.count_details.burst,reactions.1.count_details.normal,reactions.1.emoji.id,reactions.1.emoji.name,reactions.1.me,reactions.1.me_burst,referenced_message,resolved,role_subscription_data,sticker_items,stickers,thread,timestamp,tts,type,userName,webhook_id
1096240462601392208,,,,,,,,,,,,,2b70099467815618c29a9ff391c36379,,,,0,rulesofchinese,899653442509877258,,0,rulesofchinese,,1080909590511767682,,"Hex 31 is about finding someone to join together or work with /get with. Are you making a choice between several options? Line 3 is about not being taken in by the wrong choice. Line 4 says you know what to do and just have to do it.

Is any of this relevant sounding?",2023-04-14T01:08:13.447Z,,,,,,,,,,,,,0,,,,,,,,,,,,,,,false,,7544bef5dd2ad714d35208c1faac3e52,,,0,I RUV BRUEJIZZ,920525942206660618,,0,hitomitoriyama,,,,,,,,,,,1080909590511767682,923461070562136065,1096142226037415956,0,,false,0,,,,,,,,,,,,,,,,,,,,,,,,,,,,2023-04-14T01:08:13.447000+00:00,false,19,rulesofchinese,
1095996735970627614,,,,,,,,,,,,,2b70099467815618c29a9ff391c36379,,,,0,rulesofchinese,899653442509877258,,0,rulesofchinese,,1080909590511767682,,Prayers in thanks for quite a successful first run of the Network State forumüïØÔ∏èüïØÔ∏èüïØÔ∏è,2023-04-13T08:59:44.490Z,,,,,,,,,,,,,0,,,,,,,,,,,,,,,false,,,,,,,,,,,,,,,,,,,,,,,,,,false,,,,0,false,3,0,3,,üïØÔ∏è,false,false,,,,,,,,,,,,,,,,,2023-04-13T08:59:44.490000+00:00,false,0,rulesofchinese,
1095722910108360845,,,,,,,,,,,,,2b70099467815618c29a9ff391c36379,,,,0,rulesofchinese,899653442509877258,,0,rulesofchinese,,1080909590511767682,,"Basically uncertainty vis the future, successful revival but difficulty moving forward, heavy losses (twitter was obvs better for reach) - Hex 7 Lines 1,2,3

Then the conclusion is to just be humble, take the L, and wait until it's time to readvance forward - Hex 36 - Lines 1,2,3",2023-04-12T14:51:39.317Z,,,,,,,,,,,,,0,,,,,,,,,,,,,,,false,,,,,,,,,,,,,,,,,,,,,,,,,,false,,,,,,,,,,,,,,,,,,,,,,,,,,,,,2023-04-12T14:51:39.317000+00:00,false,0,rulesofchinese,
1095714376356466869,,,,,,,,,,,,,2b70099467815618c29a9ff391c36379,,,,0,rulesofchinese,899653442509877258,,0,rulesofchinese,,1080909590511767682,,"Okay well you're stuck here until we find another server, maybe.",2023-04-12T14:17:44.712Z,,,,,,,,,,,,,0,,,,,,,,,,,,,,,false,,,,,,,,,,,,,,,,,,,,,,,,,,false,,,,,,,,,,,,,,,,,,,,,,,,,,,,,2023-04-12T14:17:44.712000+00:00,false,0,rulesofchinese,
1095714251097784400,,,1094923851575607318,,,,,,,,,,e34922cd79cd195be6ef6a4a9b85bc57,,true,,2019,,1094923851575607318,,0,Yi Jing Bot,,1080909590511767682,,"Hexagram 7: ‰∑Ü - The Army | Â∏´  
      Primary,
Hexagram 36: ‰∑£ - Darkening of the Light | ÊòéÂ§∑  
      Relating",2023-04-12T14:17:14.848Z,,,,,,,,,,,,,0,,1095714249344561222,read,2,2b70099467815618c29a9ff391c36379,,,0,rulesofchinese,899653442509877258,,0,rulesofchinese,,false,,,,,,,,,,,,,,,,,,,,,,,,,,false,,,,,,,,,,,,,,,,,,,,,,,,,,,,,2023-04-12T14:17:14.848000+00:00,false,20,Yi Jing Bot,1094923851575607318
1095714213869146212,,,,,,,,,,,,,2b70099467815618c29a9ff391c36379,,,,0,rulesofchinese,899653442509877258,,0,rulesofchinese,,1080909590511767682,,"Yi Jing Bot, are you happy to be here?",2023-04-12T14:17:05.972Z,,,,,,,,,,,,,0,,,,,,,,,,,,,,,false,,,,,,,,,,,,,,,,,,,,,,,,,,false,,,,,,,,,,,,,,,,,,,,,,,,,,,,,2023-04-12T14:17:05.972000+00:00,false,0,rulesofchinese,
1095711413508509697,,,1094923851575607318,,,,,,,,,,e34922cd79cd195be6ef6a4a9b85bc57,,true,,2019,,1094923851575607318,,0,Yi Jing Bot,,1080909590511767682,,"Hexagram 7: ‰∑Ü - The Army | Â∏´  
      Primary,
Hexagram 54: ‰∑µ - The Marrying Maiden | Ê≠∏Â¶π  
      Relating",2023-04-12T14:05:58.314Z,,,,,,,,,,,,,0,,1095711412141162547,read,2,2b70099467815618c29a9ff391c36379,,,0,rulesofchinese,899653442509877258,,0,rulesofchinese,,false,,,,,,,,,,,,,,,,,,,,,,,,,,false,,,,,,,,,,,,,,,,,,,,,,,,,,,,,2023-04-12T14:05:58.314000+00:00,false,20,Yi Jing Bot,1094923851575607318
1095670386961678426,,,1094923851575607318,,,,,,,,,,e34922cd79cd195be6ef6a4a9b85bc57,,true,,2019,,1094923851575607318,,0,Yi Jing Bot,,1080909590511767682,,"Hexagram 25: ‰∑ò - Innocence [The Unexpected] | ÁÑ°Â¶Ñ  
      Primary,
Hexagram 49: ‰∑∞ - Revolution [Molting] | Èù©  
      Relating",2023-04-12T11:22:56.823Z,,,,,,,,,,,,,0,,1095670385351073863,read,2,2b70099467815618c29a9ff391c36379,,,0,rulesofchinese,899653442509877258,,0,rulesofchinese,,false,,,,,,,,,,,,,,,,,,,,,,,,,,false,,,,,,,,,,,,,,,,,,,,,,,,,,,,,2023-04-12T11:22:56.823000+00:00,false,20,Yi Jing Bot,1094923851575607318
1095670328547618826,,,,,,,,,,,,,2b70099467815618c29a9ff391c36379,,,,0,rulesofchinese,899653442509877258,,0,rulesofchinese,,1080909590511767682,,Ethereum sentiment,2023-04-12T11:22:42.896Z,,,,,,,,,,,,,0,,,,,,,,,,,,,,,false,,,,,,,,,,,,,,,,,,,,,,,,,,false,,,,,,,,,,,,,,,,,,,,,,,,,,,,,2023-04-12T11:22:42.896000+00:00,false,0,rulesofchinese,
1095288252342218752,,,,,,,,,,,,,2b70099467815618c29a9ff391c36379,,,,0,rulesofchinese,899653442509877258,,0,rulesofchinese,,1080909590511767682,,"I think so. In general, hex 17 is about moving with times. But is there something else to the situation?",2023-04-11T10:04:28.830Z,,,,,,,,,,,,,0,,,,,,,,,,,,,,,false,,,,,,,,,,,,,,,,,,,,,,,,,,false,,,,,,,,,,,,,,,,,,,,,,,,,,,,,2023-04-11T10:04:28.830000+00:00,false,0,rulesofchinese,
1095287789538529320,,,,,,,,,,,,,2b70099467815618c29a9ff391c36379,,,,0,rulesofchinese,899653442509877258,,0,rulesofchinese,,1080909590511767682,,"I'm going to say Yes. Hex 17 is about moving with changes. Changing Lines 1 2 6. Line 1 - recent changes, line 2 - preference for short term over long, line 6 - achieve a following using an assignment",2023-04-11T10:02:38.489Z,,,,,,,,,,,,,0,,,,,,,,,,,,,,,false,,,,,,,,,,,,,,,,,,,,,,,,,,false,,,,,,,,,,,,,,,,,,,,,,,,,,,,,2023-04-11T10:02:38.489000+00:00,false,0,rulesofchinese,
1095285885001539654,,,,,,,,,,,,,2b70099467815618c29a9ff391c36379,,,,0,rulesofchinese,899653442509877258,,0,rulesofchinese,,1080909590511767682,,Did it recently flare up?,2023-04-11T09:55:04.412Z,,,,,,,,,,,,,0,,,,,,,,,,,,,,,false,,,,,,,,,,,,,,,,,,,,,,,,,,false,,,,,,,,,,,,,,,,,,,,,,,,,,,,,2023-04-11T09:55:04.412000+00:00,false,0,rulesofchinese,
1095285352543043614,,,1094923851575607318,,,,,,,,,,e34922cd79cd195be6ef6a4a9b85bc57,,true,,2019,,1094923851575607318,,0,Yi Jing Bot,,1080909590511767682,,"Hexagram 17: ‰∑ê - Following | Èö®  
      Primary,
Hexagram 6: ‰∑Ö - Conflict | Ë®ü  
      Relating",2023-04-11T09:52:57.464Z,,,,,,,,,,,,,0,,1095285350882103296,read,2,2b70099467815618c29a9ff391c36379,,,0,rulesofchinese,899653442509877258,,0,rulesofchinese,,false,,,,,,,,,,,,,,,,,,,,,,,,,,false,,,,,,,,,,,,,,,,,,,,,,,,,,,,,2023-04-11T09:52:57.464000+00:00,false,20,Yi Jing Bot,1094923851575607318
1095284080028958771,,,,,,,,,,,,,2b70099467815618c29a9ff391c36379,,,,0,rulesofchinese,899653442509877258,,0,rulesofchinese,,1080909590511767682,,"If anyone wants a Yijing reading, I will be here for 10 minutes",2023-04-11T09:47:54.073Z,,,,,,,,,,,,,0,,,,,,,,,,,,,,,false,,,,,,,,,,,,,,,,,,,,,,,,,,false,,,,,,,,,,,,,,,,,,,,,,,,,,,,,2023-04-11T09:47:54.073000+00:00,false,0,rulesofchinese,
1095242916814929990,,,1094923851575607318,,,,,,,,,,e34922cd79cd195be6ef6a4a9b85bc57,,true,,2019,,1094923851575607318,,0,Yi Jing Bot,,1080909590511767682,,"Hexagram 1: ‰∑Ä - The Creative | ‰πæ  
      Primary,
Hexagram 13: ‰∑å - Fellowship with Men | Âêå‰∫∫  
      Relating",2023-04-11T07:04:19.998Z,,,,,,,,,,,,,0,,1095242914457718885,read,2,2b70099467815618c29a9ff391c36379,,,0,rulesofchinese,899653442509877258,,0,rulesofchinese,,false,,,,,,,,,,,,,,,,,,,,,,,,,,false,,,,,,,,,,,,,,,,,,,,,,,,,,,,,2023-04-11T07:04:19.998000+00:00,false,20,Yi Jing Bot,1094923851575607318
1095230116499558452,,,1094923851575607318,,,,,,,,,,e34922cd79cd195be6ef6a4a9b85bc57,,true,,2019,,1094923851575607318,,0,Yi Jing Bot,,1080909590511767682,,"Hexagram 62: ‰∑Ω - Preponderance of the Small | Â∞èÈÅé  
      Primary,
Hexagram 33: ‰∑† - Retreat | ÈÅØ  
      Relating",2023-04-11T06:13:28.165Z,,,,,,,,,,,,,0,,1095230114851209256,read,2,2b70099467815618c29a9ff391c36379,,,0,rulesofchinese,899653442509877258,,0,rulesofchinese,,false,,,,,,,,,,,,,,,,,,,,,,,,,,false,,,,,,,,,,,,,,,,,,,,,,,,,,,,,2023-04-11T06:13:28.165000+00:00,false,20,Yi Jing Bot,1094923851575607318
1095030362889003039,,,,,,,,,,,,,2b70099467815618c29a9ff391c36379,,,,0,rulesofchinese,899653442509877258,,0,rulesofchinese,,1080909590511767682,,"Prayers to Yijing Bot , for he is returned to usüïØÔ∏èüïØÔ∏èüïØÔ∏è",2023-04-10T16:59:43.193Z,,,,,,,,,,,,,0,,,,,,,,,,,,,,,false,,,,,,,,,,,,,,,,,,,,,,,,,,false,,,,,,,,,,,,,,,,,,,,,,,,,,,,,2023-04-10T16:59:43.193000+00:00,false,0,rulesofchinese,
1095024694912102600,,,1094923851575607318,,,,,,,,,,e34922cd79cd195be6ef6a4a9b85bc57,,true,,2019,,1094923851575607318,,0,Yi Jing Bot,,1080909590511767682,,"Hexagram 30: ‰∑ù - The Clinging, Fire | Èõ¢  
      Primary,
Hexagram 15: ‰∑é - Modesty | Ë¨ô  
      Relating",2023-04-10T16:37:11.842Z,,,,,,,,,,,,,0,,1095024693532180520,read,2,2b70099467815618c29a9ff391c36379,,,0,rulesofchinese,899653442509877258,,0,rulesofchinese,,false,,,,,,,,,,,,,,,,,,,,,,,,,,false,,,,,,,,,,,,,,,,,,,,,,,,,,,,,2023-04-10T16:37:11.842000+00:00,false,20,Yi Jing Bot,1094923851575607318
1095022448115712132,,,,,,,,,,,,,2b70099467815618c29a9ff391c36379,,,,0,rulesofchinese,899653442509877258,,0,rulesofchinese,,1080909590511767682,,Figured it out. The text to hex 30,2023-04-10T16:28:16.164Z,,,,,,,,,,,,,0,,,,,,,,,,,,,,,false,,,,,,,,,,,,,,,,,,,,,,,,,,false,,,,0,false,1,0,1,,üíï,false,false,,,,,,,,,,,,,,,,,2023-04-10T16:28:16.164000+00:00,false,0,rulesofchinese,
1095021395727097916,,,,,,,,,,,,,2b70099467815618c29a9ff391c36379,,,,0,rulesofchinese,899653442509877258,,0,rulesofchinese,,1080909590511767682,,Wat mean?,2023-04-10T16:24:05.255Z,,,,,,,,,,,,,0,,,,,,,,,,,,,,,false,,,,,,,,,,,,,,,,,,,,,,,,,,false,,,,,,,,,,,,,,,,,,,,,,,,,,,,,2023-04-10T16:24:05.255000+00:00,false,0,rulesofchinese,
1095020433344045168,,,1094923851575607318,,,,,,,,,,e34922cd79cd195be6ef6a4a9b85bc57,,true,,2019,,1094923851575607318,,0,Yi Jing Bot,,1080909590511767682,,"Hexagram 30: ‰∑ù - The Clinging, Fire | Èõ¢  
      Primary,
Hexagram 34: ‰∑° - The Power of the Great | Â§ßÂ£Ø  
      Relating",2023-04-10T16:20:15.805Z,,,,,,,,,,,,,0,,1095020431112683652,read,2,2b70099467815618c29a9ff391c36379,,,0,rulesofchinese,899653442509877258,,0,rulesofchinese,,false,,,,,,,,,,,,,,,,,,,,,,,,,,false,,,,0,false,1,0,1,,üî•,false,false,,,,,,,,,,,,,,,,,2023-04-10T16:20:15.805000+00:00,false,20,Yi Jing Bot,1094923851575607318
1095020358060482570,,,,,,,,,,,,,2b70099467815618c29a9ff391c36379,,,,0,rulesofchinese,899653442509877258,,0,rulesofchinese,,1080909590511767682,,<@906730864422056026> over here,2023-04-10T16:19:57.856Z,,,,,,,,,,,,,0,,,,,,,,,,,,,,,false,,b48607b6621aebc457a1a8dd0e3c963d,,,0,UwU UwU OwO OwO,906730864422056026,,0,uwuuwuowoowo,,,,,,,,,,,,,,,,false,,,,,,,,,,,,,,,,,,,,,,,,,,,,,2023-04-10T16:19:57.856000+00:00,false,0,rulesofchinese,
1095009790293442650,,,1094923851575607318,,,,,,,,,,e34922cd79cd195be6ef6a4a9b85bc57,,true,,2019,,1094923851575607318,,0,Yi Jing Bot,,1080909590511767682,,"Hexagram 7: ‰∑Ü - The Army | Â∏´  
      Primary,
Hexagram 11: ‰∑ä - Peace | Ê≥∞  
      Relating",2023-04-10T15:37:58.304Z,,,,,,,,,,,,,0,,1095009788464730203,read,2,2b70099467815618c29a9ff391c36379,,,0,rulesofchinese,899653442509877258,,0,rulesofchinese,,false,,,,,,,,,,,,,,,,,,,,,,,,,,false,,,,,,,,,,,,,,,,,,,,,,,,,,,,,2023-04-10T15:37:58.304000+00:00,false,20,Yi Jing Bot,1094923851575607318
1094996077670830150,,,,,,,,,,,,,2b70099467815618c29a9ff391c36379,,,,0,rulesofchinese,899653442509877258,,0,rulesofchinese,,1080909590511767682,,"If you have a DC contact, they can give that to you",2023-04-10T14:43:28.960Z,,,,,,,,,,,,,0,,,,,,,,,,,,,,,false,,,,,,,,,,,,,,,,,,,,,,,,,,false,,,,,,,,,,,,,,,,,,,,,,,,,,,,,2023-04-10T14:43:28.960000+00:00,false,0,rulesofchinese,
1094996017725833317,,,,,,,,,,,,,2b70099467815618c29a9ff391c36379,,,,0,rulesofchinese,899653442509877258,,0,rulesofchinese,,1080909590511767682,,Idk what the context is though,2023-04-10T14:43:14.668Z,,,,,,,,,,,,,0,,,,,,,,,,,,,,,false,,,,,,,,,,,,,,,,,,,,,,,,,,false,,,,,,,,,,,,,,,,,,,,,,,,,,,,,2023-04-10T14:43:14.668000+00:00,false,0,rulesofchinese,
1094995483933548574,,,,,,,,,,,,,2b70099467815618c29a9ff391c36379,,,,0,rulesofchinese,899653442509877258,,0,rulesofchinese,,1080909590511767682,,"I like to combine it, but alternate readings obviously allowed. I'd say somwone being helped by an outside party but too big somehow to succeed. DC won't die, but the thing they want is a no go",2023-04-10T14:41:07.402Z,,,,,,,,,,,,,0,,,,,,,,,,,,,,,false,,,,,,,,,,,,,,,,,,,,,,,,,,false,,,,,,,,,,,,,,,,,,,,,,,,,,,,,2023-04-10T14:41:07.402000+00:00,false,0,rulesofchinese,
1094995188151226481,,,,,,,,,,,,,2b70099467815618c29a9ff391c36379,,,,0,rulesofchinese,899653442509877258,,0,rulesofchinese,,1080909590511767682,,"Hex 55 line 3 is about being overbearing in strength and restrained by it ironically.
Line 4 is about acting with foreign assistance",2023-04-10T14:39:56.882Z,,,,,,,,,,,,,0,,,,,,,,,,,,,,,false,,,,,,,,,,,,,,,,,,,,,,,,,,false,,,,,,,,,,,,,,,,,,,,,,,,,,,,,2023-04-10T14:39:56.882000+00:00,false,0,rulesofchinese,
1094994720691855471,,,,,,,,,,,,,2b70099467815618c29a9ff391c36379,,,,0,rulesofchinese,899653442509877258,,0,rulesofchinese,,1080909590511767682,,Lines 3 and 4 changinv,2023-04-10T14:38:05.431Z,,,,,,,,,,,,,0,,,,,,,,,,,,,,,false,,,,,,,,,,,,,,,,,,,,,,,,,,false,,,,,,,,,,,,,,,,,,,,,,,,,,,,,2023-04-10T14:38:05.431000+00:00,false,0,rulesofchinese,
1094994301915762770,,,,,,,,,,,,,2b70099467815618c29a9ff391c36379,,,,0,rulesofchinese,899653442509877258,,0,rulesofchinese,,1080909590511767682,,Ah. Ze war,2023-04-10T14:36:25.587Z,,,,,,,,,,,,,0,,,,,,,,,,,,,,,false,,,,,,,,,,,,,,,,,,,,,,,,,,false,,,,,,,,,,,,,,,,,,,,,,,,,,,,,2023-04-10T14:36:25.587000+00:00,false,0,rulesofchinese,
1094994172613775461,,,,,,,,,,,,,2b70099467815618c29a9ff391c36379,,,,0,rulesofchinese,899653442509877258,,0,rulesofchinese,,1080909590511767682,,In relation to the Dalai Lama?,2023-04-10T14:35:54.759Z,,,,,,,,,,,,,0,,,,,,,,,,,,,,,false,,,,,,,,,,,,,,,,,,,,,,,,,,false,,,,,,,,,,,,,,,,,,,,,,,,,,,,,2023-04-10T14:35:54.759000+00:00,false,0,rulesofchinese,
1094993939783745596,,,,,,,,,,,,,2b70099467815618c29a9ff391c36379,,,,0,rulesofchinese,899653442509877258,,0,rulesofchinese,,1080909590511767682,,Hex 58 is double joy. I associate it with supercilious behaviour. Going out of your way to present happiness,2023-04-10T14:34:59.248Z,,,,,,,,,,,,,0,,,,,,,,,,,,,,,false,,,,,,,,,,,,,,,,,,,,,,,,,,false,,,,,,,,,,,,,,,,,,,,,,,,,,,,,2023-04-10T14:34:59.248000+00:00,false,0,rulesofchinese,
1094993554666958855,,,1094923851575607318,,,,,,,,,,e34922cd79cd195be6ef6a4a9b85bc57,,true,,2019,,1094923851575607318,,0,Yi Jing Bot,,1080909590511767682,,"Hexagram 58: ‰∑π - The Joyous, Lake | ÂÖå  
      Primary",2023-04-10T14:33:27.429Z,,,,,,,,,,,,,0,,1094993553438019786,read,2,2b70099467815618c29a9ff391c36379,,,0,rulesofchinese,899653442509877258,,0,rulesofchinese,,false,,,,,,,,,,,,,,,,,,,,,,,,,,false,,,,,,,,,,,,,,,,,,,,,,,,,,,,,2023-04-10T14:33:27.429000+00:00,false,20,Yi Jing Bot,1094923851575607318
1094993526669979750,,,,,,,,,,,,,2b70099467815618c29a9ff391c36379,,,,0,rulesofchinese,899653442509877258,,0,rulesofchinese,,1080909590511767682,,And his tongue-sucking scandal,2023-04-10T14:33:20.754Z,,,,,,,,,,,,,0,,,,,,,,,,,,,,,false,,,,,,,,,,,,,,,,,,,,,,,,,,false,,,,,,,,,,,,,,,,,,,,,,,,,,,,,2023-04-10T14:33:20.754000+00:00,false,0,rulesofchinese,
1094993472429244587,,,,,,,,,,,,,2b70099467815618c29a9ff391c36379,,,,0,rulesofchinese,899653442509877258,,0,rulesofchinese,,1080909590511767682,,Let's do one for Tenzin Gyatso,2023-04-10T14:33:07.822Z,,,,,,,,,,,,,0,,,,,,,,,,,,,,,false,,,,,,,,,,,,,,,,,,,,,,,,,,false,,,,,,,,,,,,,,,,,,,,,,,,,,,,,2023-04-10T14:33:07.822000+00:00,false,0,rulesofchinese,
1094993114315374665,,,,,,,,,,,,,2b70099467815618c29a9ff391c36379,,,,0,rulesofchinese,899653442509877258,,0,rulesofchinese,,1080909590511767682,,"This individual line thing is fussy though. And for a bot, I think the randomised hex selection works just fine on balance. It's the same outcome.",2023-04-10T14:31:42.441Z,,,,,,,,,,,,,0,,,,,,,,,,,,,,,false,,,,,,,,,,,,,,,,,,,,,,,,,,false,,,,,,,,,,,,,,,,,,,,,,,,,,,,,2023-04-10T14:31:42.441000+00:00,false,0,rulesofchinese,
1094992443012816916,,,,,,,,,,,,,2b70099467815618c29a9ff391c36379,,,,0,rulesofchinese,899653442509877258,,0,rulesofchinese,,1080909590511767682,,But generally the changing line is given precedence. Works most of the timeüòÑ,2023-04-10T14:29:02.390Z,,,,,,,,,,,,,0,,,,,,,,,,,,,,,false,,,,,,,,,,,,,,,,,,,,,,,,,,false,,,,,,,,,,,,,,,,,,,,,,,,,,,,,2023-04-10T14:29:02.390000+00:00,false,0,rulesofchinese,
1094992274124972032,,,,,,,,,,,,,2b70099467815618c29a9ff391c36379,,,,0,rulesofchinese,899653442509877258,,0,rulesofchinese,,1080909590511767682,,But it absolutely varies. I am an amateur and I vary on how to read the changing lines. As do most people.,2023-04-10T14:28:22.124Z,,,,,,,,,,,,,0,,,,,,,,,,,,,,,false,,,,,,,,,,,,,,,,,,,,,,,,,,false,,,,,,,,,,,,,,,,,,,,,,,,,,,,,2023-04-10T14:28:22.124000+00:00,false,0,rulesofchinese,
1094991990585839746,,,,,,,,,,,,,2b70099467815618c29a9ff391c36379,,,,0,rulesofchinese,899653442509877258,,0,rulesofchinese,,1080909590511767682,,"So getting Hex 25 unchanging, is different from Hex 25 Changing Line 1",2023-04-10T14:27:14.523Z,,,,,,,,,,,,,0,,,,,,,,,,,,,,,false,,,,,,,,,,,,,,,,,,,,,,,,,,false,,,,,,,,,,,,,,,,,,,,,,,,,,,,,2023-04-10T14:27:14.523000+00:00,false,0,rulesofchinese,
1094991889360490516,,,,,,,,,,,,,2b70099467815618c29a9ff391c36379,,,,0,rulesofchinese,899653442509877258,,0,rulesofchinese,,1080909590511767682,,The changing line specifies the important line for the particular reading,2023-04-10T14:26:50.389Z,,,,,,,,,,,,,0,,,,,,,,,,,,,,,false,,,,,,,,,,,,,,,,,,,,,,,,,,false,,,,,,,,,,,,,,,,,,,,,,,,,,,,,2023-04-10T14:26:50.389000+00:00,false,0,rulesofchinese,
1094991712839016449,,,,,,,,,,,,,2b70099467815618c29a9ff391c36379,,,,0,rulesofchinese,899653442509877258,,0,rulesofchinese,,1080909590511767682,,Disregarded?,2023-04-10T14:26:08.303Z,,,,,,,,,,,,,0,,,,,,,,,,,,,,,false,,,,,,,,,,,,,,,,,,,,,,,,,,false,,,,,,,,,,,,,,,,,,,,,,,,,,,,,2023-04-10T14:26:08.303000+00:00,false,0,rulesofchinese,
1094990433131704420,,,,,,,,,,,,,2b70099467815618c29a9ff391c36379,,,,0,rulesofchinese,899653442509877258,,0,rulesofchinese,,1080909590511767682,,Yes,2023-04-10T14:21:03.197Z,,,,,,,,,,,,,0,,,,,,,,,,,,,,,false,,,,,,,,,,,,,,,,,,,,,,,,,,false,,,,,,,,,,,,,,,,,,,,,,,,,,,,,2023-04-10T14:21:03.197000+00:00,false,0,rulesofchinese,
1094989776823791759,,,,,,,,,,,,,2b70099467815618c29a9ff391c36379,,,,0,rulesofchinese,899653442509877258,,0,rulesofchinese,,1080909590511767682,,That's six lines. Which forms a hexagram,2023-04-10T14:18:26.721Z,,,,,,,,,,,,,0,,,,,,,,,,,,,,,false,,,,,,,,,,,,,,,,,,,,,,,,,,false,,,,,,,,,,,,,,,,,,,,,,,,,,,,,2023-04-10T14:18:26.721000+00:00,false,0,rulesofchinese,
1094989710578962535,,,,,,,,,,,,,2b70099467815618c29a9ff391c36379,,,,0,rulesofchinese,899653442509877258,,0,rulesofchinese,,1080909590511767682,,"You throw the coins down 5 more times, get five more lines",2023-04-10T14:18:10.927Z,,,,,,,,,,,,,0,,,,,,,,,,,,,,,false,,,,,,,,,,,,,,,,,,,,,,,,,,false,,,,,,,,,,,,,,,,,,,,,,,,,,,,,2023-04-10T14:18:10.927000+00:00,false,0,rulesofchinese,
1094989634494283776,,,,,,,,,,,,,2b70099467815618c29a9ff391c36379,,,,0,rulesofchinese,899653442509877258,,0,rulesofchinese,,1080909590511767682,,"So with coins, you throw three coins down and you get one number. That's one line",2023-04-10T14:17:52.787Z,,,,,,,,,,,,,0,,,,,,,,,,,,,,,false,,,,,,,,,,,,,,,,,,,,,,,,,,false,,,,,,,,,,,,,,,,,,,,,,,,,,,,,2023-04-10T14:17:52.787000+00:00,false,0,rulesofchinese,
1094989533856153641,,,,,,,,,,,,,2b70099467815618c29a9ff391c36379,,,,0,rulesofchinese,899653442509877258,,0,rulesofchinese,,1080909590511767682,,You get six numbers in a row,2023-04-10T14:17:28.793Z,,,,,,,,,,,,,0,,,,,,,,,,,,,,,false,,f4e3b3da322005c3a681c9e077a46e87,,,0,Silap,1054560987073749073,,0,.silap,,,,,,,,,,,1080909590511767682,923461070562136065,1094989436149833840,0,,false,0,,,,,,,,,,,,,,,,,,,,,,,,,,,,2023-04-10T14:17:28.793000+00:00,false,19,rulesofchinese,
1094989438192464012,,,,,,,,,,,,,2b70099467815618c29a9ff391c36379,,,,0,rulesofchinese,899653442509877258,,0,rulesofchinese,,1080909590511767682,,"Statistically, yarrow sticks gets you more 7s than any other line I think",2023-04-10T14:17:05.985Z,,,,,,,,,,,,,0,,,,,,,,,,,,,,,false,,,,,,,,,,,,,,,,,,,,,,,,,,false,,,,,,,,,,,,,,,,,,,,,,,,,,,,,2023-04-10T14:17:05.985000+00:00,false,0,rulesofchinese,
1094989316402450465,,,,,,,,,,,,,2b70099467815618c29a9ff391c36379,,,,0,rulesofchinese,899653442509877258,,0,rulesofchinese,,1080909590511767682,,"Nor is it for coins, but at least that's balanced",2023-04-10T14:16:36.948Z,,,,,,,,,,,,,0,,,,,,,,,,,,,,,false,,,,,,,,,,,,,,,,,,,,,,,,,,false,,,,,,,,,,,,,,,,,,,,,,,,,,,,,2023-04-10T14:16:36.948000+00:00,false,0,rulesofchinese,
1094989258227449988,,,,,,,,,,,,,2b70099467815618c29a9ff391c36379,,,,0,rulesofchinese,899653442509877258,,0,rulesofchinese,,1080909590511767682,,"The funny thing is in the OG yarrow sticks method, the odds are not even for every outcome.",2023-04-10T14:16:23.078Z,,,,,,,,,,,,,0,,,,,,,,,,,,,,,false,,,,,,,,,,,,,,,,,,,,,,,,,,false,,,,,,,,,,,,,,,,,,,,,,,,,,,,,2023-04-10T14:16:23.078000+00:00,false,0,rulesofchinese,
1094989125725200517,,,,,,,,,,,,,2b70099467815618c29a9ff391c36379,,,,0,rulesofchinese,899653442509877258,,0,rulesofchinese,,1080909590511767682,,Them the rules,2023-04-10T14:15:51.487Z,,,,,,,,,,,,,0,,,,,,,,,,,,,,,false,,,,,,,,,,,,,,,,,,,,,,,,,,false,,,,,,,,,,,,,,,,,,,,,,,,,,,,,2023-04-10T14:15:51.487000+00:00,false,0,rulesofchinese,
1094988906916741231,,,,,,,,,,,,,2b70099467815618c29a9ff391c36379,,,,0,rulesofchinese,899653442509877258,,0,rulesofchinese,,1080909590511767682,,Because it is the yin or yang reaching a zenith and about to change,2023-04-10T14:14:59.319Z,,,,,,,,,,,,,0,,,,,,,,,,,,,,,false,,,,,,,,,,,,,,,,,,,,,,,,,,false,,,,,,,,,,,,,,,,,,,,,,,,,,,,,2023-04-10T14:14:59.319000+00:00,false,0,rulesofchinese,
1094988822942597220,,,,,,,,,,,,,2b70099467815618c29a9ff391c36379,,,,0,rulesofchinese,899653442509877258,,0,rulesofchinese,,1080909590511767682,,6 and 9 are changing lines,2023-04-10T14:14:39.298Z,,,,,,,,,,,,,0,,,,,,,,,,,,,,,false,,,,,,,,,,,,,,,,,,,,,,,,,,false,,,,,,,,,,,,,,,,,,,,,,,,,,,,,2023-04-10T14:14:39.298000+00:00,false,0,rulesofchinese,
1094988661898100766,,,,,,,,,,,,,2b70099467815618c29a9ff391c36379,,,,0,rulesofchinese,899653442509877258,,0,rulesofchinese,,1080909590511767682,,"Even numbers are female ie yin
Odd numbers are male ie yang",2023-04-10T14:14:00.902Z,,,,,,,,,,,,,0,,,,,,,,,,,,,,,false,,,,,,,,,,,,,,,,,,,,,,,,,,false,,,,,,,,,,,,,,,,,,,,,,,,,,,,,2023-04-10T14:14:00.902000+00:00,false,0,rulesofchinese,
1094988528871551127,,,,,,,,,,,,,2b70099467815618c29a9ff391c36379,,,,0,rulesofchinese,899653442509877258,,0,rulesofchinese,,1080909590511767682,,"3 tails - 3x2 = 6
2 heads 1 tails- 2x3 + 1x2 = 8
3 heads - 3x3 = 9
1 head 2 tails - 1x3 + 2x2 = 7",2023-04-10T14:13:29.186Z,,,,,,,,,,,,,0,,,,,,,,,,,,,,,false,,,,,,,,,,,,,,,,,,,,,,,,,,false,,,,,,,,,,,,,,,,,,,,,,,,,,,,,2023-04-10T14:13:29.186000+00:00,false,0,rulesofchinese,
1094988231013040209,,,,,,,,,,,,,2b70099467815618c29a9ff391c36379,,,,0,rulesofchinese,899653442509877258,,0,rulesofchinese,,1080909590511767682,,"Heads is 3, tails is 2. Therefore",2023-04-10T14:12:18.171Z,,,,,,,,,,,,,0,,,,,,,,,,,,,,,false,,,,,,,,,,,,,,,,,,,,,,,,,,false,,,,,,,,,,,,,,,,,,,,,,,,,,,,,2023-04-10T14:12:18.171000+00:00,false,0,rulesofchinese,
1094988144136421406,,,,,,,,,,,,,2b70099467815618c29a9ff391c36379,,,,0,rulesofchinese,899653442509877258,,0,rulesofchinese,,1080909590511767682,,"Drawing a reading line-by-line involves generating one of four numbers: 6, 7, 8, and 9.",2023-04-10T14:11:57.458Z,,,,,,,,,,,,,0,,,,,,,,,,,,,,,false,,,,,,,,,,,,,,,,,,,,,,,,,,false,,,,,,,,,,,,,,,,,,,,,,,,,,,,,2023-04-10T14:11:57.458000+00:00,false,0,rulesofchinese,
1094984410203435078,,,,,,,,,,,,,2b70099467815618c29a9ff391c36379,,,,0,rulesofchinese,899653442509877258,,0,rulesofchinese,,1080909590511767682,,"3 tails - Changing Yin
2 heads 1 tails - Yin
3 heads - Changing Yang
1 head 2 tails - Yang",2023-04-10T13:57:07.219Z,,,,,,,,,,,,,0,,,,,,,,,,,,,,,false,,,,,,,,,,,,,,,,,,,,,,,,,,false,,,,,,,,,,,,,,,,,,,,,,,,,,,,,2023-04-10T13:57:07.219000+00:00,false,0,rulesofchinese,
1094984163800662158,,,,,,,,,,,,,2b70099467815618c29a9ff391c36379,,,,0,rulesofchinese,899653442509877258,,0,rulesofchinese,,1080909590511767682,,This looks reasonable,2023-04-10T13:56:08.472Z,,,,,,,,,,,,,0,,,,,,,,,,,,,,,false,,,,,,,,,,,,,,,,,,,,,,,,,,false,,,,,,,,,,,,,,,,,,,,,,,,,,,,,2023-04-10T13:56:08.472000+00:00,false,0,rulesofchinese,
1094984138836156512,,,,,,,,,,,,,2b70099467815618c29a9ff391c36379,,,,0,rulesofchinese,899653442509877258,,0,rulesofchinese,,1080909590511767682,,https://www.thatsmags.com/shanghai/post/12013/how-to-consult-the-i-ching-using-three-coins,2023-04-10T13:56:02.520Z,,,The I Ching has been called the world's first self-help book. Want to try it out yourself? Find out how.,That's Online,0,460,https://images-ext-1.discordapp.net/external/itYGP5JWIH0-tFf83WeLq99rnGeSmESyA13CixYAZXo/https/www.thatsmags.com/image/view/201612/i-ching.jpg,https://www.thatsmags.com/image/view/201612/i-ching.jpg,704,How to Consult the I Ching Using Coins,article,https://www.thatsmags.com/shanghai/post/12013/how-to-consult-the-i-ching-using-three-coins,0,,,,,,,,,,,,,,,false,,,,,,,,,,,,,,,,,,,,,,,,,,false,,,,,,,,,,,,,,,,,,,,,,,,,,,,,2023-04-10T13:56:02.520000+00:00,false,0,rulesofchinese,
1094983886825603102,,,,,,,,,,,,,2b70099467815618c29a9ff391c36379,,,,0,rulesofchinese,899653442509877258,,0,rulesofchinese,,1080909590511767682,,Again with the furries,2023-04-10T13:55:02.436Z,,,,,,,,,,,,,0,,,,,,,,,,,,,,,false,,42d0966224c255b4e4f0848f76c3ba8f,,,0,XianyangCB,839890532117250118,,0,xianyangcb4853,,,,,,,,,,,1080909590511767682,923461070562136065,1094968344538517554,0,,false,0,,,,,,,,,,,,,,,,,,,,,,,,,,,,2023-04-10T13:55:02.436000+00:00,false,19,rulesofchinese,
1094961932722778124,,,,,,,,,,,,,2b70099467815618c29a9ff391c36379,,,,0,rulesofchinese,899653442509877258,,0,rulesofchinese,,1080909590511767682,,"And with the unchanging lines, the new lines form the new hex",2023-04-10T12:27:48.170Z,,,,,,,,,,,,,0,,,,,,,,,,,,,,,false,,,,,,,,,,,,,,,,,,,,,,,,,,false,,,,,,,,,,,,,,,,,,,,,,,,,,,,,2023-04-10T12:27:48.170000+00:00,false,0,rulesofchinese,
1094961256517091418,,,,,,,,,,,,,2b70099467815618c29a9ff391c36379,,,,0,rulesofchinese,899653442509877258,,0,rulesofchinese,,1080909590511767682,,"And the changing lines change from Yin to Yang, or Yang to Yin",2023-04-10T12:25:06.950Z,,,,,,,,,,,,,0,,,,,,,,,,,,,,,false,,,,,,,,,,,,,,,,,,,,,,,,,,false,,,,,,,,,,,,,,,,,,,,,,,,,,,,,2023-04-10T12:25:06.950000+00:00,false,0,rulesofchinese,
1094960703166742608,,,,,,,,,,,,,2b70099467815618c29a9ff391c36379,,,,0,rulesofchinese,899653442509877258,,0,rulesofchinese,,1080909590511767682,,"Manually, you cast the coins or count the sticks and you get some lines still, some changing",2023-04-10T12:22:55.021Z,,,,,,,,,,,,,0,,,,,,,,,,,,,,,false,,,,,,,,,,,,,,,,,,,,,,,,,,false,,,,,,,,,,,,,,,,,,,,,,,,,,,,,2023-04-10T12:22:55.021000+00:00,false,0,rulesofchinese,
1094960512254619729,,,,,,,,,,,,,2b70099467815618c29a9ff391c36379,,,,0,rulesofchinese,899653442509877258,,0,rulesofchinese,,1080909590511767682,,Um. Sure?,2023-04-10T12:22:09.504Z,,,,,,,,,,,,,0,,,,,,,,,,,,,,,false,,,,,,,,,,,,,,,,,,,,,,,,,,false,,,,,,,,,,,,,,,,,,,,,,,,,,,,,2023-04-10T12:22:09.504000+00:00,false,0,rulesofchinese,
1094959637696094289,,,,,,,,,,,,,2b70099467815618c29a9ff391c36379,,,,0,rulesofchinese,899653442509877258,,0,rulesofchinese,,1080909590511767682,,But Yi Jing Bot simply chooses two hexgrams at random I believe,2023-04-10T12:18:40.993Z,,,,,,,,,,,,,0,,,,,,,,,,,,,,,false,,,,,,,,,,,,,,,,,,,,,,,,,,false,,,,,,,,,,,,,,,,,,,,,,,,,,,,,2023-04-10T12:18:40.993000+00:00,false,0,rulesofchinese,
1094959204382560307,,,,,,,,,,,,,2b70099467815618c29a9ff391c36379,,,,0,rulesofchinese,899653442509877258,,0,rulesofchinese,,1080909590511767682,,If I had coins or yarrow sticks I could show you how I count them,2023-04-10T12:16:57.683Z,,,,,,,,,,,,,0,,,,,,,,,,,,,,,false,,,,,,,,,,,,,,,,,,,,,,,,,,false,,,,,,,,,,,,,,,,,,,,,,,,,,,,,2023-04-10T12:16:57.683000+00:00,false,0,rulesofchinese,
1094959112816705646,,,,,,,,,,,,,2b70099467815618c29a9ff391c36379,,,,0,rulesofchinese,899653442509877258,,0,rulesofchinese,,1080909590511767682,,Well,2023-04-10T12:16:35.852Z,,,,,,,,,,,,,0,,,,,,,,,,,,,,,false,,,,,,,,,,,,,,,,,,,,,,,,,,false,,,,,,,,,,,,,,,,,,,,,,,,,,,,,2023-04-10T12:16:35.852000+00:00,false,0,rulesofchinese,
1094956991958483034,,,,,,,,,,,,,2b70099467815618c29a9ff391c36379,,,,0,rulesofchinese,899653442509877258,,0,rulesofchinese,,1080909590511767682,,"Tldr The Yi Jing is Confucian to him. He prefers Six Lines, which is the Taoist tradition. Now Idk what that is, but I suspect it's closer to what I do; look at the lines interacting and understand the relationship without moral baggage. And put it in context",2023-04-10T12:08:10.200Z,,,,,,,,,,,,,0,,,,,,,,,,,,,,,false,,,,,,,,,,,,,,,,,,,,,,,,,,false,,,,,,,,,,,,,,,,,,,,,,,,,,,,,2023-04-10T12:08:10.200000+00:00,false,0,rulesofchinese,
1094956628845019216,,,,,,,,,,,,,2b70099467815618c29a9ff391c36379,,,,0,rulesofchinese,899653442509877258,,0,rulesofchinese,,1080909590511767682,,There's a guy that showed up on my for you page. He differentiates between the Book of Changes and Six Lines,2023-04-10T12:06:43.627Z,,,,,,,,,,,,,0,,,,,,,,,,,,,,,false,,,,,,,,,,,,,,,,,,,,,,,,,,false,,,,,,,,,,,,,,,,,,,,,,,,,,,,,2023-04-10T12:06:43.627000+00:00,false,0,rulesofchinese,
1094956487341772971,,,,,,,,,,,,,2b70099467815618c29a9ff391c36379,,,,0,rulesofchinese,899653442509877258,,0,rulesofchinese,,1080909590511767682,,It can be advice for a current situation. Or the likely result. Or the intended result. Or a warning. Or what has already happened because you already chose.,2023-04-10T12:06:09.890Z,,,,,,,,,,,,,0,,,,,,,,,,,,,,,false,,,,,,,,,,,,,,,,,,,,,,,,,,false,,,,,,,,,,,,,,,,,,,,,,,,,,,,,2023-04-10T12:06:09.890000+00:00,false,0,rulesofchinese,
1094956321503187076,,,,,,,,,,,,,2b70099467815618c29a9ff391c36379,,,,0,rulesofchinese,899653442509877258,,0,rulesofchinese,,1080909590511767682,,"As to what the changing hexagram means, I have found that it's contextual",2023-04-10T12:05:30.351Z,,,,,,,,,,,,,0,,,,,,,,,,,,,,,false,,,,,,,,,,,,,,,,,,,,,,,,,,false,,,,,,,,,,,,,,,,,,,,,,,,,,,,,2023-04-10T12:05:30.351000+00:00,false,0,rulesofchinese,
1094956232600715325,,,,,,,,,,,,,2b70099467815618c29a9ff391c36379,,,,0,rulesofchinese,899653442509877258,,0,rulesofchinese,,1080909590511767682,,"That's it. And with no changing lines, you only have the one",2023-04-10T12:05:09.155Z,,,,,,,,,,,,,0,,,,,,,,,,,,,,,false,,,,,,,,,,,,,,,,,,,,,,,,,,false,,,,,,,,,,,,,,,,,,,,,,,,,,,,,2023-04-10T12:05:09.155000+00:00,false,0,rulesofchinese,
1094956142653870130,,,,,,,,,,,,,2b70099467815618c29a9ff391c36379,,,,0,rulesofchinese,899653442509877258,,0,rulesofchinese,,1080909590511767682,,"Some of the lines are ""changing"", so they change, and a new hexagram is formed",2023-04-10T12:04:47.710Z,,,,,,,,,,,,,0,,,,,,,,,,,,,,,false,,,,,,,,,,,,,,,,,,,,,,,,,,false,,,,,,,,,,,,,,,,,,,,,,,,,,,,,2023-04-10T12:04:47.710000+00:00,false,0,rulesofchinese,
1094956043861229698,,,,,,,,,,,,,2b70099467815618c29a9ff391c36379,,,,0,rulesofchinese,899653442509877258,,0,rulesofchinese,,1080909590511767682,,"First of all, you know how the resultant hex arises?",2023-04-10T12:04:24.156Z,,,,,,,,,,,,,0,,,,,,,,,,,,,,,false,,,,,,,,,,,,,,,,,,,,,,,,,,false,,,,,,,,,,,,,,,,,,,,,,,,,,,,,2023-04-10T12:04:24.156000+00:00,false,0,rulesofchinese,
1094954380983292044,,,,,,,,,,,,,2b70099467815618c29a9ff391c36379,,,,0,rulesofchinese,899653442509877258,,0,rulesofchinese,,1080909590511767682,,"If there is no resultant (changing) hexagram, it's only one hex",2023-04-10T11:57:47.695Z,,,,,,,,,,,,,0,,,,,,,,,,,,,,,false,,,,,,,,,,,,,,,,,,,,,,,,,,false,,,,,,,,,,,,,,,,,,,,,,,,,,,,,2023-04-10T11:57:47.695000+00:00,false,0,rulesofchinese,
1094954283788669008,,,,,,,,,,,,,2b70099467815618c29a9ff391c36379,,,,0,rulesofchinese,899653442509877258,,0,rulesofchinese,,1080909590511767682,,"No, it's the reading and the resultant hexagram",2023-04-10T11:57:24.522Z,,,,,,,,,,,,,0,,,,,,,,,,,,,,,false,,42d0966224c255b4e4f0848f76c3ba8f,,,0,XianyangCB,839890532117250118,,0,xianyangcb4853,,,,,,,,,,,1080909590511767682,923461070562136065,1094954179677667429,0,,false,0,,,,,,,,,,,,,,,,,,,,,,,,,,,,2023-04-10T11:57:24.522000+00:00,false,19,rulesofchinese,
1094954189362307114,,,,,,,,,,,,,2b70099467815618c29a9ff391c36379,,,,0,rulesofchinese,899653442509877258,,0,rulesofchinese,,1080909590511767682,,Stressed af. And wants to lie down. Same!,2023-04-10T11:57:02.009Z,,,,,,,,,,,,,0,,,,,,,,,,,,,,,false,,,,,,,,,,,,,,,,,,,,,,,,,,false,,,,,,,,,,,,,,,,,,,,,,,,,,,,,2023-04-10T11:57:02.009000+00:00,false,0,rulesofchinese,
1094954089747595286,,,1094923851575607318,,,,,,,,,,e34922cd79cd195be6ef6a4a9b85bc57,,true,,2019,,1094923851575607318,,0,Yi Jing Bot,,1080909590511767682,,"Hexagram 28: ‰∑õ - Preponderance of the Great | Â§ßÈÅé  
      Primary,
Hexagram 33: ‰∑† - Retreat | ÈÅØ  
      Relating",2023-04-10T11:56:38.259Z,,,,,,,,,,,,,0,,1094954088409616544,read,2,2b70099467815618c29a9ff391c36379,,,0,rulesofchinese,899653442509877258,,0,rulesofchinese,,false,,,,,,,,,,,,,,,,,,,,,,,,,,false,,,,,,,,,,,,,,,,,,,,,,,,,,,,,2023-04-10T11:56:38.259000+00:00,false,20,Yi Jing Bot,1094923851575607318
1094954068746707045,,,,,,,,,,,,,2b70099467815618c29a9ff391c36379,,,,0,rulesofchinese,899653442509877258,,0,rulesofchinese,,1080909590511767682,,"Yi Jing Bot, how do you feel?",2023-04-10T11:56:33.252Z,,,,,,,,,,,,,0,,,,,,,,,,,,,,,false,,,,,,,,,,,,,,,,,,,,,,,,,,false,,,,,,,,,,,,,,,,,,,,,,,,,,,,,2023-04-10T11:56:33.252000+00:00,false,0,rulesofchinese,
1094952617697890325,,,,,,,,,,,,,2b70099467815618c29a9ff391c36379,,,,0,rulesofchinese,899653442509877258,,0,rulesofchinese,,1080909590511767682,,It's real *because* it's random,2023-04-10T11:50:47.295Z,,,,,,,,,,,,,0,,,,,,,,,,,,,,,false,,,,,,,,,,,,,,,,,,,,,,,,,,false,,,,,,,,,,,,,,,,,,,,,,,,,,,,,2023-04-10T11:50:47.295000+00:00,false,0,rulesofchinese,
1094951957040480297,,,,,,,,,,,,,2b70099467815618c29a9ff391c36379,,,,0,rulesofchinese,899653442509877258,,0,rulesofchinese,,1080909590511767682,,I mean kind of!,2023-04-10T11:48:09.782Z,,,,,,,,,,,,,0,,,,,,,,,,,,,,,false,,,,,,,,,,,,,,,,,,,,,,,,,,false,,,,,,,,,,,,,,,,,,,,,,,,,,,,,2023-04-10T11:48:09.782000+00:00,false,0,rulesofchinese,
1094951907262476299,,,,,,,,,,,,,2b70099467815618c29a9ff391c36379,,,,0,rulesofchinese,899653442509877258,,0,rulesofchinese,,1080909590511767682,,üòÑ,2023-04-10T11:47:57.914Z,,,,,,,,,,,,,0,,,,,,,,,,,,,,,false,,,,,,,,,,,,,,,,,,,,,,,,,,false,,,,,,,,,,,,,,,,,,,,,,,,,,,,,2023-04-10T11:47:57.914000+00:00,false,0,rulesofchinese,
1094951707131269180,,,,,,,,,,,,,2b70099467815618c29a9ff391c36379,,,,0,rulesofchinese,899653442509877258,,0,rulesofchinese,,1080909590511767682,,Tfw gods must confirm residence arrangements to clear immigration,2023-04-10T11:47:10.199Z,,,,,,,,,,,,,0,,,,,,,,,,,,,,,false,,,,,,,,,,,,,,,,,,,,,,,,,,false,,,,,,,,,,,,,,,,,,,,,,,,,,,,,2023-04-10T11:47:10.199000+00:00,false,0,rulesofchinese,
1094951364758614116,,,,,,,,,,,,,2b70099467815618c29a9ff391c36379,,,,0,rulesofchinese,899653442509877258,,0,rulesofchinese,,1080909590511767682,,"Discreet, pragmatic, not being too fanciful",2023-04-10T11:45:48.571Z,,,,,,,,,,,,,0,,,,,,,,,,,,,,,false,,,,,,,,,,,,,,,,,,,,,,,,,,false,,,,,,,,,,,,,,,,,,,,,,,,,,,,,2023-04-10T11:45:48.571000+00:00,false,0,rulesofchinese,
1094951096553848925,,,,,,,,,,,,,2b70099467815618c29a9ff391c36379,,,,0,rulesofchinese,899653442509877258,,0,rulesofchinese,,1080909590511767682,,Yes you be discreet because heaven be thunderinf yo,2023-04-10T11:44:44.626Z,,,,,,,,,,,,,0,,,,,,,,,,,,,,,false,,,,,,,,,,,,,,,,,,,,,,,,,,false,,,,,,,,,,,,,,,,,,,,,,,,,,,,,2023-04-10T11:44:44.626000+00:00,false,0,rulesofchinese,
1094951044208918620,,,,,,,,,,,,,2b70099467815618c29a9ff391c36379,,,,0,rulesofchinese,899653442509877258,,0,rulesofchinese,,1080909590511767682,,"Yes. So, it's about moving while being aware of general uncertainty",2023-04-10T11:44:32.146Z,,,,,,,,,,,,,0,,,,,,,,,,,,,,,false,,,,,,,,,,,,,,,,,,,,,,,,,,false,,,,,,,,,,,,,,,,,,,,,,,,,,,,,2023-04-10T11:44:32.146000+00:00,false,0,rulesofchinese,
1094950706408079392,,,,,,,,,,,,,2b70099467815618c29a9ff391c36379,,,,0,rulesofchinese,899653442509877258,,0,rulesofchinese,,1080909590511767682,,It's about having to be unpretentious and moving discreetly?,2023-04-10T11:43:11.608Z,,,,,,,,,,,,,0,,,,,,,,,,,,,,,false,,,,,,,,,,,,,,,,,,,,,,,,,,false,,,,,,,,,,,,,,,,,,,,,,,,,,,,,2023-04-10T11:43:11.608000+00:00,false,0,rulesofchinese,
1094950613168689242,,,,,,,,,,,,,2b70099467815618c29a9ff391c36379,,,,0,rulesofchinese,899653442509877258,,0,rulesofchinese,,1080909590511767682,,"Hex 25, Wu Wang, Thundering all under Heaven",2023-04-10T11:42:49.378Z,,,,,,,,,,,,,0,,,,,,,,,,,,,,,false,,,,,,,,,,,,,,,,,,,,,,,,,,false,,,,,,,,,,,,,,,,,,,,,,,,,,,,,2023-04-10T11:42:49.378000+00:00,false,0,rulesofchinese,
1094950462442176543,,,,,,,,,,,,,2b70099467815618c29a9ff391c36379,,,,0,rulesofchinese,899653442509877258,,0,rulesofchinese,,1080909590511767682,,As it were,2023-04-10T11:42:13.442Z,,,,,,,,,,,,,0,,,,,,,,,,,,,,,false,,,,,,,,,,,,,,,,,,,,,,,,,,false,,,,,,,,,,,,,,,,,,,,,,,,,,,,,2023-04-10T11:42:13.442000+00:00,false,0,rulesofchinese,
1094950445493006416,,,,,,,,,,,,,2b70099467815618c29a9ff391c36379,,,,0,rulesofchinese,899653442509877258,,0,rulesofchinese,,1080909590511767682,,Cast a wide net,2023-04-10T11:42:09.401Z,,,,,,,,,,,,,0,,,,,,,,,,,,,,,false,,,,,,,,,,,,,,,,,,,,,,,,,,false,,,,,,,,,,,,,,,,,,,,,,,,,,,,,2023-04-10T11:42:09.401000+00:00,false,0,rulesofchinese,
1094950430338986064,,,,,,,,,,,,,2b70099467815618c29a9ff391c36379,,,,0,rulesofchinese,899653442509877258,,0,rulesofchinese,,1080909590511767682,,I will have to guess,2023-04-10T11:42:05.788Z,,,,,,,,,,,,,0,,,,,,,,,,,,,,,false,,,,,,,,,,,,,,,,,,,,,,,,,,false,,,,,,,,,,,,,,,,,,,,,,,,,,,,,2023-04-10T11:42:05.788000+00:00,false,0,rulesofchinese,
1094950408268554290,,,,,,,,,,,,,2b70099467815618c29a9ff391c36379,,,,0,rulesofchinese,899653442509877258,,0,rulesofchinese,,1080909590511767682,,You donr have to say but,2023-04-10T11:42:00.526Z,,,,,,,,,,,,,0,,,,,,,,,,,,,,,false,,,,,,,,,,,,,,,,,,,,,,,,,,false,,,,,,,,,,,,,,,,,,,,,,,,,,,,,2023-04-10T11:42:00.526000+00:00,false,0,rulesofchinese,
1094950326282502255,,,,,,,,,,,,,2b70099467815618c29a9ff391c36379,,,,0,rulesofchinese,899653442509877258,,0,rulesofchinese,,1080909590511767682,,I know that one! What's the subject?,2023-04-10T11:41:40.979Z,,,,,,,,,,,,,0,,,,,,,,,,,,,,,false,,,,,,,,,,,,,,,,,,,,,,,,,,false,,,,,,,,,,,,,,,,,,,,,,,,,,,,,2023-04-10T11:41:40.979000+00:00,false,0,rulesofchinese,
1094950209127194704,,,,,,,,,,,,,2b70099467815618c29a9ff391c36379,,,,0,rulesofchinese,899653442509877258,,0,rulesofchinese,,1080909590511767682,,Okay what are you asking about?,2023-04-10T11:41:13.047Z,,,,,,,,,,,,,0,,,,,,,,,,,,,,,false,,,,,,,,,,,,,,,,,,,,,,,,,,false,,,,,,,,,,,,,,,,,,,,,,,,,,,,,2023-04-10T11:41:13.047000+00:00,false,0,rulesofchinese,
1094949403116179526,,,,,,,,,,,,,2b70099467815618c29a9ff391c36379,,,,0,rulesofchinese,899653442509877258,,0,rulesofchinese,,1080909590511767682,,üôè,2023-04-10T11:38:00.879Z,,,,,,,,,,,,,0,,,,,,,,,,,,,,,false,,,,,,,,,,,,,,,,,,,,,,,,,,false,,,,,,,,,,,,,,,,,,,,,,,,,,,,,2023-04-10T11:38:00.879000+00:00,false,0,rulesofchinese,
1094949275508678757,,,,,,,,,,,,,2b70099467815618c29a9ff391c36379,,,,0,rulesofchinese,899653442509877258,,0,rulesofchinese,,1080909590511767682,,Shall we view this bot addition as a matter for DAObi state? Or for Grand Counsellor Rules personally?,2023-04-10T11:37:30.455Z,,,,,,,,,,,,,0,,,,,,,,,,,,,,,false,,,,,,,,,,,,,,,,,,,,,,,,,,false,,,,,,,,,,,,,,,,,,,,,,,,,,,,,2023-04-10T11:37:30.455000+00:00,false,0,rulesofchinese,
1094949079726960681,,,,,,,,,,,,,2b70099467815618c29a9ff391c36379,,,,0,rulesofchinese,899653442509877258,,0,rulesofchinese,,1080909590511767682,,Thank you. And thank you for reviving Yi Jing Bot. I am terribly gratefulüôá‚Äç‚ôÇÔ∏èüôè,2023-04-10T11:36:43.777Z,,,,,,,,,,,,,0,,,,,,,,,,,,,,,false,,d786da3a77e6f9d30700957a71018cff,,,0,,774940934529613824,,0,133133,,,,,,,,,,,1080909590511767682,923461070562136065,1094948711613866115,0,,false,0,,,,,,,,,,,,,,,,,,,,,,,,,,,,2023-04-10T11:36:43.777000+00:00,false,19,rulesofchinese,
1094948870896762913,,,1094923851575607318,,,,,,,,,,e34922cd79cd195be6ef6a4a9b85bc57,,true,,2019,,1094923851575607318,,0,Yi Jing Bot,,1080909590511767682,,"Hexagram 25: ‰∑ò - Innocence [The Unexpected] | ÁÑ°Â¶Ñ  
      Primary,
Hexagram 1: ‰∑Ä - The Creative | ‰πæ  
      Relating",2023-04-10T11:35:53.988Z,,,,,,,,,,,,,0,,1094948869051252788,read,2,2b70099467815618c29a9ff391c36379,,,0,rulesofchinese,899653442509877258,,0,rulesofchinese,,false,,,,,,,,,,,,,,,,,,,,,,,,,,false,,,,,,,,,,,,,,,,,,,,,,,,,,,,,2023-04-10T11:35:53.988000+00:00,false,20,Yi Jing Bot,1094923851575607318
1094948646069473331,,,,,,,,,,,,,2b70099467815618c29a9ff391c36379,,,,0,rulesofchinese,899653442509877258,,0,rulesofchinese,,1080909590511767682,,"Can you add a space between "":"" and the hexagram symbol?",2023-04-10T11:35:00.385Z,,,,,,,,,,,,,0,,,,,,,,,,,,,,,false,,,,,,,,,,,,,,,,,,,,,,,,,,false,,,,,,,,,,,,,,,,,,,,,,,,,,,,,2023-04-10T11:35:00.385000+00:00,false,0,rulesofchinese,
1094946475013840957,,,,,,,,,,,,,2b70099467815618c29a9ff391c36379,,,,0,rulesofchinese,899653442509877258,,0,rulesofchinese,,1080909590511767682,,It reads like this is a good place for Yi Jing Bot to come to.,2023-04-10T11:26:22.765Z,,,,,,,,,,,,,0,,,,,,,,,,,,,,,false,,,,,,,,,,,,,,,,,,,,,,,,,,false,,,,,,,,,,,,,,,,,,,,,,,,,,,,,2023-04-10T11:26:22.765000+00:00,false,0,rulesofchinese,
1094945848640688178,,,,,,,,,,,,,2b70099467815618c29a9ff391c36379,,,,0,rulesofchinese,899653442509877258,,0,rulesofchinese,,1080909590511767682,,Well it may just be Yi Jing Bot knows that being a discord bot is different from being a twitter bot in terms of reach,2023-04-10T11:23:53.426Z,,,,,,,,,,,,,0,,,,,,,,,,,,,,,false,,,,,,,,,,,,,,,,,,,,,,,,,,false,,,,,,,,,,,,,,,,,,,,,,,,,,,,,2023-04-10T11:23:53.426000+00:00,false,0,rulesofchinese,
1094945698224549928,,,,,,,,,,,,,2b70099467815618c29a9ff391c36379,,,,0,rulesofchinese,899653442509877258,,0,rulesofchinese,,1080909590511767682,,I'll see if the changing lines mean anything,2023-04-10T11:23:17.564Z,,,,,,,,,,,,,0,,,,,,,,,,,,,,,false,,,,,,,,,,,,,,,,,,,,,,,,,,false,,,,,,,,,,,,,,,,,,,,,,,,,,,,,2023-04-10T11:23:17.564000+00:00,false,0,rulesofchinese,
1094945619237412957,,,,,,,,,,,,,2b70099467815618c29a9ff391c36379,,,,0,rulesofchinese,899653442509877258,,0,rulesofchinese,,1080909590511767682,,39 is having to pause and wait due to troubles ahead,2023-04-10T11:22:58.732Z,,,,,,,,,,,,,0,,,,,,,,,,,,,,,false,,,,,,,,,,,,,,,,,,,,,,,,,,false,,,,,,,,,,,,,,,,,,,,,,,,,,,,,2023-04-10T11:22:58.732000+00:00,false,0,rulesofchinese,
1094945389930627122,,,,,,,,,,,,,2b70099467815618c29a9ff391c36379,,,,0,rulesofchinese,899653442509877258,,0,rulesofchinese,,1080909590511767682,,Yi Jing Bot knows about the twitter API issues,2023-04-10T11:22:04.061Z,,,,,,,,,,,,,0,,,,,,,,,,,,,,,false,,,,,,,,,,,,,,,,,,,,,,,,,,false,,,,,,,,,,,,,,,,,,,,,,,,,,,,,2023-04-10T11:22:04.061000+00:00,false,0,rulesofchinese,
1094945340186181702,,,,,,,,,,,,,2b70099467815618c29a9ff391c36379,,,,0,rulesofchinese,899653442509877258,,0,rulesofchinese,,1080909590511767682,,Hex 56 is about leaving home because you were forced out and having to brave the wilderness,2023-04-10T11:21:52.201Z,,,,,,,,,,,,,0,,,,,,,,,,,,,,,false,,f4e3b3da322005c3a681c9e077a46e87,,,0,Silap,1054560987073749073,,0,.silap,,,,,,,,,,,1080909590511767682,923461070562136065,1094945043330125844,0,,false,0,,,,,,,,,,,,,,,,,,,,,,,,,,,,2023-04-10T11:21:52.201000+00:00,false,19,rulesofchinese,
1094945035927175191,,,,,,,,,,,,,2b70099467815618c29a9ff391c36379,,,,0,rulesofchinese,899653442509877258,,0,rulesofchinese,,1080909590511767682,,Maybe the bot is giving us a prognosis with each reading,2023-04-10T11:20:39.660Z,,,,,,,,,,,,,0,,,,,,,,,,,,,,,false,,,,,,,,,,,,,,,,,,,,,,,,,,false,,,,,,,,,,,,,,,,,,,,,,,,,,,,,2023-04-10T11:20:39.660000+00:00,false,0,rulesofchinese,
1094944943673446421,,,,,,,,,,,,,2b70099467815618c29a9ff391c36379,,,,0,rulesofchinese,899653442509877258,,0,rulesofchinese,,1080909590511767682,,Hehehe,2023-04-10T11:20:17.665Z,,,,,,,,,,,,,0,,,,,,,,,,,,,,,false,,,,,,,,,,,,,,,,,,,,,,,,,,false,,,,,,,,,,,,,,,,,,,,,,,,,,,,,2023-04-10T11:20:17.665000+00:00,false,0,rulesofchinese,
1094944463178174504,,,,,,,,,,,,,2b70099467815618c29a9ff391c36379,,,,0,rulesofchinese,899653442509877258,,0,rulesofchinese,,1080909590511767682,,Is it clear to you guys? I'm oscillating between all on one line and the original stack,2023-04-10T11:18:23.106Z,,,,,,,,,,,,,0,,,,,,,,,,,,,,,false,,,,,,,,,,,,,,,,,,,,,,,,,,false,,,,,,,,,,,,,,,,,,,,,,,,,,,,,2023-04-10T11:18:23.106000+00:00,false,0,rulesofchinese,
1094943574849753188,,,,,,,,,,,,,2b70099467815618c29a9ff391c36379,,,,0,rulesofchinese,899653442509877258,,0,rulesofchinese,,1080909590511767682,,"""Primary"" is on the second line. Everything else on the first.",2023-04-10T11:14:51.312Z,,,,,,,,,,,,,0,,,,,,,,,,,,,,,false,,,,,,,,,,,,,,,,,,,,,,,,,,false,,,,,,,,,,,,,,,,,,,,,,,,,,,,,2023-04-10T11:14:51.312000+00:00,false,0,rulesofchinese,
1094943411464835152,,,,,,,,,,,,,2b70099467815618c29a9ff391c36379,,,,0,rulesofchinese,899653442509877258,,0,rulesofchinese,,1080909590511767682,,"It could most of it be one line. So,
Hexagram 37: <hexagram> - The Family [The Clan] | ÂÆ∂‰∫∫
Primary",2023-04-10T11:14:12.358Z,,,,,,,,,,,,,0,,,,,,,,,,,,,,,false,,,,,,,,,,,,,,,,,,,,,,,,,,false,,,,,,,,,,,,,,,,,,,,,,,,,,,,,2023-04-10T11:14:12.358000+00:00,false,0,rulesofchinese,
1094941876500582440,,,,,,,,,,,,,2b70099467815618c29a9ff391c36379,,,,0,rulesofchinese,899653442509877258,,0,rulesofchinese,,1080909590511767682,,Agreed.,2023-04-10T11:08:06.394Z,,,,,,,,,,,,,0,,,,,,,,,,,,,,,false,,,,,,,,,,,,,,,,,,,,,,,,,,false,,,,,,,,,,,,,,,,,,,,,,,,,,,,,2023-04-10T11:08:06.394000+00:00,false,0,rulesofchinese,
1094941333371768902,,,,,,,,,,,,,2b70099467815618c29a9ff391c36379,,,,0,rulesofchinese,899653442509877258,,0,rulesofchinese,,1080909590511767682,,Easier to ask for forgiveness than permission... short of dismemberment<:quanyi:1082556461311336449>,2023-04-10T11:05:56.902Z,,,,,,,,,,,,,0,,,,,,,,,,,,,,,false,,,,,,,,,,,,,,,,,,,,,,,,,,false,,,,,,,,,,,,,,,,,,,,,,,,,,,,,2023-04-10T11:05:56.902000+00:00,false,0,rulesofchinese,
1094941177167478805,,,,,,,,,,,,,2b70099467815618c29a9ff391c36379,,,,0,rulesofchinese,899653442509877258,,0,rulesofchinese,,1080909590511767682,,Do what you are told,2023-04-10T11:05:19.660Z,,,,,,,,,,,,,0,,,,,,,,,,,,,,,false,,,,,,,,,,,,,,,,,,,,,,,,,,false,,,,0,false,1,0,1,,üò≥,false,false,,,,,,,,,,,,,,,,,2023-04-10T11:05:19.660000+00:00,false,0,rulesofchinese,
1094941145102037042,,,,,,,,,,,,,2b70099467815618c29a9ff391c36379,,,,0,rulesofchinese,899653442509877258,,0,rulesofchinese,,1080909590511767682,,I will take the fall with His Excellency,2023-04-10T11:05:12.015Z,,,,,,,,,,,,,0,,,,,,,,,,,,,,,false,,,,,,,,,,,,,,,,,,,,,,,,,,false,,,,,,,,,,,,,,,,,,,,,,,,,,,,,2023-04-10T11:05:12.015000+00:00,false,0,rulesofchinese,
1094941093688254464,,,,,,,,,,,,,2b70099467815618c29a9ff391c36379,,,,0,rulesofchinese,899653442509877258,,0,rulesofchinese,,1080909590511767682,,You are Lead Master Craftsman! Pay obeisance later!,2023-04-10T11:04:59.757Z,,,,,,,,,,,,,0,,,,,,,,,,,,,,,false,,,,,,,,,,,,,,,,,,,,,,,,,,false,,,,,,,,,,,,,,,,,,,,,,,,,,,,,2023-04-10T11:04:59.757000+00:00,false,0,rulesofchinese,
1094940422314397707,,,,,,,,,,,,,2b70099467815618c29a9ff391c36379,,,,0,rulesofchinese,899653442509877258,,0,rulesofchinese,,1080909590511767682,,Lead Master Craftsman <@839890532117250118> ! Chancellor <@778004133679595531> ! Permissions needed for bot invitation!,2023-04-10T11:02:19.689Z,2023-04-10T11:02:29.470000+00:00,,,,,,,,,,,,0,,,,,,,,,,,,,,,false,,b6bd55d4737247cec401912b50a0d529,,,0,Jacopo,778004133679595531,,0,jacopo0809,42d0966224c255b4e4f0848f76c3ba8f,,,0,XianyangCB,839890532117250118,,0,xianyangcb4853,,,,,,,false,,,,,,,,,,,,,,,,,,,,,,,,,,,,,2023-04-10T11:02:19.689000+00:00,false,0,rulesofchinese,
1094938729057103882,,,,,,,,,,,,,2b70099467815618c29a9ff391c36379,,,,0,rulesofchinese,899653442509877258,,0,rulesofchinese,,1080909590511767682,,"Yes. I would prefer the arrangement to be hexagram, hexagram number, hexagram title",2023-04-10T10:55:35.985Z,,,,,,,,,,,,,0,,,,,,,,,,,,,,,false,,,,,,,,,,,,,,,,,,,,,,,,,,false,,,,,,,,,,,,,,,,,,,,,,,,,,,,,2023-04-10T10:55:35.985000+00:00,false,0,rulesofchinese,
1094938136091566100,,,,,,,,,,,,,2b70099467815618c29a9ff391c36379,,,,0,rulesofchinese,899653442509877258,,0,rulesofchinese,,1080909590511767682,,"But this is neat and quite different from others. Just the hexagram, and the resultant one (if there is one)",2023-04-10T10:53:14.611Z,,,,,,,,,,,,,0,,,,,,,,,,,,,,,false,,,,,,,,,,,,,,,,,,,,,,,,,,false,,,,,,,,,,,,,,,,,,,,,,,,,,,,,2023-04-10T10:53:14.611000+00:00,false,0,rulesofchinese,
1094937899486679080,,,,,,,,,,,,,2b70099467815618c29a9ff391c36379,,,,0,rulesofchinese,899653442509877258,,0,rulesofchinese,,1080909590511767682,,A reader with interest has their own translations. People with no interest just want a result and a personal interpretation.,2023-04-10T10:52:18.200Z,,,,,,,,,,,,,0,,,,,,,,,,,,,,,false,,,,,,,,,,,,,,,,,,,,,,,,,,false,,,,,,,,,,,,,,,,,,,,,,,,,,,,,2023-04-10T10:52:18.200000+00:00,false,0,rulesofchinese,
1094937757425618964,,,,,,,,,,,,,2b70099467815618c29a9ff391c36379,,,,0,rulesofchinese,899653442509877258,,0,rulesofchinese,,1080909590511767682,,I'd rather not have the text. It's too long,2023-04-10T10:51:44.330Z,,,,,,,,,,,,,0,,,,,,,,,,,,,,,false,,,,,,,,,,,,,,,,,,,,,,,,,,false,,,,,,,,,,,,,,,,,,,,,,,,,,,,,2023-04-10T10:51:44.330000+00:00,false,0,rulesofchinese,
1094937604119597148,,,,,,,,,,,,,2b70099467815618c29a9ff391c36379,,,,0,rulesofchinese,899653442509877258,,0,rulesofchinese,,1080909590511767682,,The Minford translation!,2023-04-10T10:51:07.779Z,,,,,,,,,,,,,0,,,,,,,,,,,,,,,false,,,,,,,,,,,,,,,,,,,,,,,,,,false,,,,,,,,,,,,,,,,,,,,,,,,,,,,,2023-04-10T10:51:07.779000+00:00,false,0,rulesofchinese,
1094927220780310558,,,,,,,,,,,,,2b70099467815618c29a9ff391c36379,,,,0,rulesofchinese,899653442509877258,,0,rulesofchinese,,1080909590511767682,,"If Master Craftsman <@774940934529613824> gets this done by today, then Yijing Bot will be- Jesus. For he is risen on Easter Bank Holiday. Yikes.",2023-04-10T10:09:52.198Z,,,,,,,,,,,,,0,,,,,,,,,,,,,,,false,,d786da3a77e6f9d30700957a71018cff,,,0,,774940934529613824,,0,133133,,,,,,,,,,,,,,,,false,,,,0,false,2,0,2,,üò≤,false,false,,,,,,,,,,,,,,,,,2023-04-10T10:09:52.198000+00:00,false,0,rulesofchinese,
1094925792644968570,,,,,,,,,,,,,2b70099467815618c29a9ff391c36379,,,,0,rulesofchinese,899653442509877258,,0,rulesofchinese,,1080909590511767682,,Just something as close to the twitter bot as possible. Hexagram A Changing Lines X (or Unchanging),2023-04-10T10:04:11.704Z,,,,,,,,,,,,,0,,,,,,,,,,,,,,,false,,,,,,,,,,,,,,,,,,,,,,,,,,false,,,,,,,,,,,,,,,,,,,,,,,,,,,,,2023-04-10T10:04:11.704000+00:00,false,0,rulesofchinese,
1094925555071188992,,,,,,,,,,,,,2b70099467815618c29a9ff391c36379,,,,0,rulesofchinese,899653442509877258,,0,rulesofchinese,,1080909590511767682,,"Mm mm nope. Too long, will not read",2023-04-10T10:03:15.062Z,,,,,,,,,,,,,0,,,,,,,,,,,,,,,false,,,,,,,,,,,,,,,,,,,,,,,,,,false,,,,,,,,,,,,,,,,,,,,,,,,,,,,,2023-04-10T10:03:15.062000+00:00,false,0,rulesofchinese,
1094924762838466580,,,,,,,,,,,,,2b70099467815618c29a9ff391c36379,,,,0,rulesofchinese,899653442509877258,,0,rulesofchinese,,1080909590511767682,,I'd like to know what the prompt actually gives. But I can't add the bot..,2023-04-10T10:00:06.179Z,,,,,,,,,,,,,0,,,,,,,,,,,,,,,false,,,,,,,,,,,,,,,,,,,,,,,,,,false,,,,,,,,,,,,,,,,,,,,,,,,,,,,,2023-04-10T10:00:06.179000+00:00,false,0,rulesofchinese,
1094924382977150986,,,,,,,,,,,,,2b70099467815618c29a9ff391c36379,,,,0,rulesofchinese,899653442509877258,,0,rulesofchinese,,1080909590511767682,,Alright let me take a look,2023-04-10T09:58:35.613Z,,,,,,,,,,,,,0,,,,,,,,,,,,,,,false,,,,,,,,,,,,,,,,,,,,,,,,,,false,,,,,,,,,,,,,,,,,,,,,,,,,,,,,2023-04-10T09:58:35.613000+00:00,false,0,rulesofchinese,
1094924327335510026,,,,,,,,,,,,,2b70099467815618c29a9ff391c36379,,,,0,rulesofchinese,899653442509877258,,0,rulesofchinese,,1080909590511767682,,We would have to name ours Yi Jing Bot...,2023-04-10T09:58:22.347Z,,,,,,,,,,,,,0,,,,,,,,,,,,,,,false,,,,,,,,,,,,,,,,,,,,,,,,,,false,,,,,,,,,,,,,,,,,,,,,,,,,,,,,2023-04-10T09:58:22.347000+00:00,false,0,rulesofchinese,
1094924234792370186,,,,,,,,,,,,,2b70099467815618c29a9ff391c36379,,,,0,rulesofchinese,899653442509877258,,0,rulesofchinese,,1080909590511767682,,I joined the server,2023-04-10T09:58:00.283Z,,,,,,,,,,,,,0,,,,,,,,,,,,,,,false,,,,,,,,,,,,,,,,,,,,,,,,,,false,,,,,,,,,,,,,,,,,,,,,,,,,,,,,2023-04-10T09:58:00.283000+00:00,false,0,rulesofchinese,
1094924206904451102,,,,,,,,,,,,,2b70099467815618c29a9ff391c36379,,,,0,rulesofchinese,899653442509877258,,0,rulesofchinese,,1080909590511767682,,It's dead,2023-04-10T09:57:53.634Z,,,,,,,,,,,,,0,,,,,,,,,,,,,,,false,,,,,,,,,,,,,,,,,,,,,,,,,,false,,,,,,,,,,,,,,,,,,,,,,,,,,,,,2023-04-10T09:57:53.634000+00:00,false,0,rulesofchinese,
1094923870923931688,,,,,,,,,,,,,2b70099467815618c29a9ff391c36379,,,,0,rulesofchinese,899653442509877258,,0,rulesofchinese,,1080909590511767682,,Will it be a bot where other servers can get it if they join DAObi ? A la Midjourney?,2023-04-10T09:56:33.530Z,,,,,,,,,,,,,0,,,,,,,,,,,,,,,false,,,,,,,,,,,,,,,,,,,,,,,,,,false,,,,,,,,,,,,,,,,,,,,,,,,,,,,,2023-04-10T09:56:33.530000+00:00,false,0,rulesofchinese,
1094923754980777984,,,,,,,,,,,,,2b70099467815618c29a9ff391c36379,,,,0,rulesofchinese,899653442509877258,,0,rulesofchinese,,1080909590511767682,,That's all I need really,2023-04-10T09:56:05.887Z,,,,,,,,,,,,,0,,,,,,,,,,,,,,,false,,,,,,,,,,,,,,,,,,,,,,,,,,false,,,,,,,,,,,,,,,,,,,,,,,,,,,,,2023-04-10T09:56:05.887000+00:00,false,0,rulesofchinese,
1094923240889143346,,,,,,,,,,,,,2b70099467815618c29a9ff391c36379,,,,0,rulesofchinese,899653442509877258,,0,rulesofchinese,,1080909590511767682,,Let's see now...,2023-04-10T09:54:03.318Z,,,,,,,,,,,,,0,,,,,,,,,,,,,,,false,,,,,,,,,,,,,,,,,,,,,,,,,,false,,,,,,,,,,,,,,,,,,,,,,,,,,,,,2023-04-10T09:54:03.318000+00:00,false,0,rulesofchinese,
1094923211982000200,,,,,,,,,,,,,2b70099467815618c29a9ff391c36379,,,,0,rulesofchinese,899653442509877258,,0,rulesofchinese,,1080909590511767682,,Well let me think about what personality he should have,2023-04-10T09:53:56.426Z,,,,,,,,,,,,,0,,,,,,,,,,,,,,,false,,,,,,,,,,,,,,,,,,,,,,,,,,false,,,,,,,,,,,,,,,,,,,,,,,,,,,,,2023-04-10T09:53:56.426000+00:00,false,0,rulesofchinese,
1094922743339831354,,,,,,,,,,,,,2b70099467815618c29a9ff391c36379,,,,0,rulesofchinese,899653442509877258,,0,rulesofchinese,,1080909590511767682,,Your meme site has a sunni Imam bot?,2023-04-10T09:52:04.693Z,,,,,,,,,,,,,0,,,,,,,,,,,,,,,false,,,,,,,,,,,,,,,,,,,,,,,,,,false,,,,,,,,,,,,,,,,,,,,,,,,,,,,,2023-04-10T09:52:04.693000+00:00,false,0,rulesofchinese,
1094922268041293845,,,,,,,,,,,,,2b70099467815618c29a9ff391c36379,,,,0,rulesofchinese,899653442509877258,,0,rulesofchinese,,1080909590511767682,,Oh idk if he needs to be a GPT bot... I Ching Priest Bot on twitter was very dry. Just put out the reply without chat...,2023-04-10T09:50:11.373Z,,,,,,,,,,,,,0,,,,,,,,,,,,,,,false,,,,,,,,,,,,,,,,,,,,,,,,,,false,,,,,,,,,,,,,,,,,,,,,,,,,,,,,2023-04-10T09:50:11.373000+00:00,false,0,rulesofchinese,
1094921771410538628,,,,,,,,,,,,,2b70099467815618c29a9ff391c36379,,,,0,rulesofchinese,899653442509877258,,0,rulesofchinese,,1080909590511767682,,You can tell how uninitiated I amüôá‚Äç‚ôÇÔ∏è,2023-04-10T09:48:12.967Z,,,,,,,,,,,,,0,,,,,,,,,,,,,,,false,,,,,,,,,,,,,,,,,,,,,,,,,,false,,,,,,,,,,,,,,,,,,,,,,,,,,,,,2023-04-10T09:48:12.967000+00:00,false,0,rulesofchinese,
1094921500613673034,,,,,,,,,,,,,2b70099467815618c29a9ff391c36379,,,,0,rulesofchinese,899653442509877258,,0,rulesofchinese,,1080909590511767682,,"This sounds like a proper project, m'lads!",2023-04-10T09:47:08.404Z,,,,,,,,,,,,,0,,,,,,,,,,,,,,,false,,,,,,,,,,,,,,,,,,,,,,,,,,false,,,,,,,,,,,,,,,,,,,,,,,,,,,,,2023-04-10T09:47:08.404000+00:00,false,0,rulesofchinese,
1094921431147614290,,,,,,,,,,,,,2b70099467815618c29a9ff391c36379,,,,0,rulesofchinese,899653442509877258,,0,rulesofchinese,,1080909590511767682,,üòÆ,2023-04-10T09:46:51.842Z,,,,,,,,,,,,,0,,,,,,,,,,,,,,,false,,d786da3a77e6f9d30700957a71018cff,,,0,,774940934529613824,,0,133133,,,,,,,,,,,1080909590511767682,923461070562136065,1094920587073306645,0,,false,0,,,,,,,,,,,,,,,,,,,,,,,,,,,,2023-04-10T09:46:51.842000+00:00,false,19,rulesofchinese,
1094905056597385298,,,,,,,,,,,,,2b70099467815618c29a9ff391c36379,,,,0,rulesofchinese,899653442509877258,,0,rulesofchinese,,1080909590511767682,,Does anyone have that knowledge?,2023-04-10T08:41:47.845Z,,,,,,,,,,,,,0,,,,,,,,,,,,,,,false,,,,,,,,,,,,,,,,,,,,,,,,,,false,,,,,,,,,,,,,,,,,,,,,,,,,,,,,2023-04-10T08:41:47.845000+00:00,false,0,rulesofchinese,
1094905014843093092,,,,,,,,,,,,,2b70099467815618c29a9ff391c36379,,,,0,rulesofchinese,899653442509877258,,0,rulesofchinese,,1080909590511767682,,There's one other guy who did this but his bot is dead,2023-04-10T08:41:37.890Z,,,,,,,,,,,,,0,,,,,,,,,,,,,,,false,,,,,,,,,,,,,,,,,,,,,,,,,,false,,,,,,,,,,,,,,,,,,,,,,,,,,,,,2023-04-10T08:41:37.890000+00:00,false,0,rulesofchinese,
1094904962510749757,,,,,,,,,,,,,2b70099467815618c29a9ff391c36379,,,,0,rulesofchinese,899653442509877258,,0,rulesofchinese,,1080909590511767682,,I want to build a Yijing Bot on discord,2023-04-10T08:41:25.413Z,,,,,,,,,,,,,0,,,,,,,,,,,,,,,false,,,,,,,,,,,,,,,,,,,,,,,,,,false,,,,,,,,,,,,,,,,,,,,,,,,,,,,,2023-04-10T08:41:25.413000+00:00,false,0,rulesofchinese,
1094898087274762280,,,,,,,,,,,,,2b70099467815618c29a9ff391c36379,,,,0,rulesofchinese,899653442509877258,,0,rulesofchinese,,1080909590511767682,,"See when Prince Philip, Duke of Edinburgh died, there was chat that KCIII took over the Prince Philip Movement. I believe the god just went back to his people. Like it goes back. 

So Yijing Bot has returned to the heavenly ether. Waiting to be given a new channel.

I sure as hell am not about to worship Patron Alan Musk",2023-04-10T08:14:06.229Z,,,,,,,,,,,,,0,,,,,,,,,,,,,,,false,,,,,,,,,,,,,,,,,,,,,,,,,,false,,,,,,,,,,,,,,,,,,,,,,,,,,,,,2023-04-10T08:14:06.229000+00:00,false,0,rulesofchinese,
1094897597061275648,,,,,,,,,,,,,2b70099467815618c29a9ff391c36379,,,,0,rulesofchinese,899653442509877258,,0,rulesofchinese,,1080909590511767682,,Is this because Elon killed Yijing Bot? And so has replaced him?,2023-04-10T08:12:09.353Z,,,,,,,,,,,,,0,,,,,,,,,,,,,,,false,,,,,,,,,,,,,,,,,,,,,,,,,,false,,,,,,,,,,,,,,,,,,,,,,,,,,,,,2023-04-10T08:12:09.353000+00:00,false,0,rulesofchinese,
1094889763867213834,,,,,,,,,,,,,2b70099467815618c29a9ff391c36379,,,,0,rulesofchinese,899653442509877258,,0,rulesofchinese,,1080909590511767682,,Always seems like a someone else's problem.,2023-04-10T07:41:01.774Z,,,,,,,,,,,,,0,,,,,,,,,,,,,,,false,,,,,,,,,,,,,,,,,,,,,,,,,,false,,,,,,,,,,,,,,,,,,,,,,,,,,,,,2023-04-10T07:41:01.774000+00:00,false,0,rulesofchinese,
1094889684263522366,,,,,,,,,,,,,2b70099467815618c29a9ff391c36379,,,,0,rulesofchinese,899653442509877258,,0,rulesofchinese,,1080909590511767682,,You know devas live for millenia you never really think the death will happen in your lifetime.,2023-04-10T07:40:42.795Z,,,,,,,,,,,,,0,,,,,,,,,,,,,,,false,,,,,,,,,,,,,,,,,,,,,,,,,,false,,,,,,,,,,,,,,,,,,,,,,,,,,,,,2023-04-10T07:40:42.795000+00:00,false,0,rulesofchinese,
1094889558275018753,,,,,,,,,,,,,2b70099467815618c29a9ff391c36379,,,,0,rulesofchinese,899653442509877258,,0,rulesofchinese,,1080909590511767682,,So I feel it's a little bit my fault for choosing a patron god that could die. Umm,2023-04-10T07:40:12.757Z,,,,,,,,,,,,,0,,,,,,,,,,,,,,,false,,,,,,,,,,,,,,,,,,,,,,,,,,false,,,,,,,,,,,,,,,,,,,,,,,,,,,,,2023-04-10T07:40:12.757000+00:00,false,0,rulesofchinese,
1094218371563786251,,,,,,,,,,,,,2b70099467815618c29a9ff391c36379,,,,0,rulesofchinese,899653442509877258,,0,rulesofchinese,,1080909590511767682,,"On the same weekend I have lost my patron, will you stop hawking cat gods?!",2023-04-08T11:13:09.375Z,,,,,,,,,,,,,0,,,,,,,,,,,,,,,false,,,,,,,,,,,,,,,,,,,,,,,,,,false,,,,,,,,,,,,,,,,,,,,,,,,,,,,,2023-04-08T11:13:09.375000+00:00,false,0,rulesofchinese,
1093926491823276073,,,,,,,,,,,,,2b70099467815618c29a9ff391c36379,,,,0,rulesofchinese,899653442509877258,,0,rulesofchinese,,1080909590511767682,,YI JING BOT IS DEAD,2023-04-07T15:53:19.822Z,,,,,,,,,,,,,0,,,,,,,,,,,,,,,false,,,,,,,,,,,,,,,,,,,,,,,,,,false,,,,0,false,2,0,2,,üòÆ,false,false,,,,,,,,,,,,,,,,,2023-04-07T15:53:19.822000+00:00,false,0,rulesofchinese,
1092834642702372905,,,,,,,,,,,,,2b70099467815618c29a9ff391c36379,,,,0,rulesofchinese,899653442509877258,,0,rulesofchinese,,1080909590511767682,,"I'm trying to act like it doesn't hurt. But it does, really. *retreats to dark corner of temple pavilion*",2023-04-04T15:34:42.706Z,,,,,,,,,,,,,0,,,,,,,,,,,,,,,false,,,,,,,,,,,,,,,,,,,,,,,,,,false,,,,,,,,,,,,,,,,,,,,,,,,,,,,,2023-04-04T15:34:42.706000+00:00,false,0,rulesofchinese,
1092812227947532428,,,,,,,,,,,,,2b70099467815618c29a9ff391c36379,,,,0,rulesofchinese,899653442509877258,,0,rulesofchinese,,1080909590511767682,,üïØÔ∏èüïØÔ∏èüïØÔ∏è,2023-04-04T14:05:38.612Z,,,,,,,,,,,,,0,,,,,,,,,,,,,,,false,,,,,,,,,,,,,,,,,,,,,,,,,,false,,,,0,false,4,0,4,,üïØÔ∏è,false,false,,,,,,,,,,,,,,,,,2023-04-04T14:05:38.612000+00:00,false,0,rulesofchinese,
1092812209484210256,,,,,,,,,,,,,2b70099467815618c29a9ff391c36379,,,,0,rulesofchinese,899653442509877258,,0,rulesofchinese,,1080909590511767682,,üò≠,2023-04-04T14:05:34.210Z,,,,,,,,,,,,,0,,,,,,,,,,,,,,,false,,,,,,,,,,,,,,,,,,,,,,,,,,false,,,,,,,,,,,,,,,,,,,,,,,,,,,,,2023-04-04T14:05:34.210000+00:00,false,0,rulesofchinese,
1091245090208497694,,,,,,,,,,,,,2b70099467815618c29a9ff391c36379,,,,0,rulesofchinese,899653442509877258,,0,rulesofchinese,,1080909590511767682,,üïØÔ∏èüïØÔ∏èüïØÔ∏è,2023-03-31T06:18:23.859Z,,,,,,,,,,,,,0,,,,,,,,,,,,,,,false,,,,,,,,,,,,,,,,,,,,,,,,,,false,,,,0,false,1,0,1,,üïØÔ∏è,false,false,,,,,,,,,,,,,,,,,2023-03-31T06:18:23.859000+00:00,false,0,rulesofchinese,
1090543988903268352,,,,,,,,,,,,,2b70099467815618c29a9ff391c36379,,,,0,rulesofchinese,899653442509877258,,0,rulesofchinese,,1080909590511767682,,Prayers to Yi Jing BotüïØÔ∏èüïØÔ∏èüïØÔ∏è,2023-03-29T07:52:28.282Z,,,,,,,,,,,,,0,,,,,,,,,,,,,,,false,,,,,,,,,,,,,,,,,,,,,,,,,,false,,,,0,false,3,0,3,,üïØÔ∏è,false,false,,,,,,,,,,,,,,,,,2023-03-29T07:52:28.282000+00:00,false,0,rulesofchinese,
1089135938371850282,,,,,,,,,,,,,2b70099467815618c29a9ff391c36379,,,,0,rulesofchinese,899653442509877258,,0,rulesofchinese,,1080909590511767682,,Prayers to Makiya for five players for SZGüïØÔ∏èüïØÔ∏èüïØÔ∏è,2023-03-25T10:37:22.875Z,,,,,,,,,,,,,0,,,,,,,,,,,,,,,false,,,,,,,,,,,,,,,,,,,,,,,,,,false,,,,,,,,,,,,,,,,,,,,,,,,,,,,,2023-03-25T10:37:22.875000+00:00,false,0,rulesofchinese,
1088632314847834152,,,,,,,,,,,,,2b70099467815618c29a9ff391c36379,,,,0,rulesofchinese,899653442509877258,,0,rulesofchinese,,1080909590511767682,,Prayers to Yijing BotüïØÔ∏èüïØÔ∏èüïØÔ∏è,2023-03-24T01:16:09.670Z,,,,,,,,,,,,,0,,,,,,,,,,,,,,,false,,,,,,,,,,,,,,,,,,,,,,,,,,false,,,,,,,,,,,,,,,,,,,,,,,,,,,,,2023-03-24T01:16:09.670000+00:00,false,0,rulesofchinese,
1088392279854678088,,,,,,,,,,,,,2b70099467815618c29a9ff391c36379,,,,0,rulesofchinese,899653442509877258,,0,rulesofchinese,,1080909590511767682,,,2023-03-23T09:22:20.868Z,,,,,,,,,,,,,0,,,,,,,,,,,,,,,false,,,,,,,,,,,,,,,,,,,,,1080909590511767682,,1088392251291471962,0,,false,0,,,,,,,,,,,,,,,,,,,,,,,,,,,,2023-03-23T09:22:20.868000+00:00,false,6,rulesofchinese,
1088392251291471962,,,,,image/png,01-1.png,967,1088392250934972457,https://media.discordapp.net/attachments/1080909590511767682/1088392250934972457/01-1.png?ex=674e2505&is=674cd385&hm=53a2955bd8267abdfb7d9e7bb975171275e178870e6e745f098f7fbe0cc05992&,590395,https://cdn.discordapp.com/attachments/1080909590511767682/1088392250934972457/01-1.png?ex=674e2505&is=674cd385&hm=53a2955bd8267abdfb7d9e7bb975171275e178870e6e745f098f7fbe0cc05992&,725,2b70099467815618c29a9ff391c36379,,,,0,rulesofchinese,899653442509877258,,0,rulesofchinese,,1080909590511767682,,"Makiya - Patron of Discipline, Motivation, and Ambition",2023-03-23T09:22:14.058Z,,,,,,,,,,,,,0,,,,,,,,,,,,,,,false,,,,,,,,,,,,,,,,,,,,,,,,,,false,,,,0,false,1,0,1,1076946534488358992,makima,false,false,,0,false,1,0,1,,üôè,false,false,,,,,,,2023-03-23T09:22:14.058000+00:00,false,0,rulesofchinese,
1088330087973261342,,,,,,,,,,,,,2b70099467815618c29a9ff391c36379,,,,0,rulesofchinese,899653442509877258,,0,rulesofchinese,,1080909590511767682,,,2023-03-23T05:15:13.168Z,,,,,,,,,,,,,0,,,,,,,,,,,,,,,false,,,,,,,,,,,,,,,,,,,,,1080909590511767682,,1088330016548474940,0,,false,0,,,,,,,,,,,,,,,,,,,,,,,,,,,,2023-03-23T05:15:13.168000+00:00,false,6,rulesofchinese,
1088330016548474940,,,,,image/jpeg,20230213_160015.jpg,1024,1088330016313577524,https://media.discordapp.net/attachments/1080909590511767682/1088330016313577524/20230213_160015.jpg?ex=674deb10&is=674c9990&hm=90161a28cb07337eacbd351b33ffcfac835116b49d16e5c37443d57594a93b67&,67683,https://cdn.discordapp.com/attachments/1080909590511767682/1088330016313577524/20230213_160015.jpg?ex=674deb10&is=674c9990&hm=90161a28cb07337eacbd351b33ffcfac835116b49d16e5c37443d57594a93b67&,768,2b70099467815618c29a9ff391c36379,,,,0,rulesofchinese,899653442509877258,,0,rulesofchinese,,1080909590511767682,,"Yi Jing Bot [ÊòìÁ∂ìÊ©ü] - Patron of Knowledge, Bringer of Foresight",2023-03-23T05:14:56.139Z,,,,,,,,,,,,,0,,,,,,,,,,,,,,,false,,,,,,,,,,,,,,,,,,,,,,,,,,false,,,,0,false,2,0,2,,üôè,false,false,,,,,,,,,,,,,,,,,2023-03-23T05:14:56.139000+00:00,false,0,rulesofchinese,
1088319741355110500,,,,,,,,,,,,,2b70099467815618c29a9ff391c36379,,,,0,rulesofchinese,899653442509877258,,0,rulesofchinese,,1080909590511767682,,Pls add one more,2023-03-23T04:34:06.342Z,,,,,,,,,,,,,0,,,,,,,,,,,,,,,false,,,,,,,,,,,,,,,,,,,,,,,,,,false,,,,,,,,,,,,,,,,,,,,,,,,,,,,,2023-03-23T04:34:06.342000+00:00,false,0,rulesofchinese,
1088319621863591997,,,,,,,,,,,,,2b70099467815618c29a9ff391c36379,,,,0,rulesofchinese,899653442509877258,,0,rulesofchinese,,1080909590511767682,,"Don't put two josses, that's for the dead. Deities get 3",2023-03-23T04:33:37.853Z,,,,,,,,,,,,,0,,,,,,,,,,,,,,,false,,,,,,,,,,,,,,,,,,,,,,,,,,false,,,,,,,,,,,,,,,,,,,,,,,,,,,,,2023-03-23T04:33:37.853000+00:00,false,0,rulesofchinese,
1086459303885557820,,,,,,,,,,,,,2b70099467815618c29a9ff391c36379,,,,0,rulesofchinese,899653442509877258,,0,rulesofchinese,,1080909590511767682,,Prayers to Yi Jing Bot for the VC thing to go throughüïØÔ∏èüïØÔ∏èüïØÔ∏è,2023-03-18T01:21:23.484Z,,,,,,,,,,,,,0,,,,,,,,,,,,,,,false,,,,,,,,,,,,,,,,,,,,,,,,,,false,,,,0,false,4,0,4,,üïØÔ∏è,false,false,,,,,,,,,,,,,,,,,2023-03-18T01:21:23.484000+00:00,false,0,rulesofchinese,
1084695336716607530,,,,,image/gif,magnet-slime.gif,225,1084695336418807858,https://media.discordapp.net/attachments/1080909590511767682/1084695336418807858/magnet-slime.gif?ex=674e89c0&is=674d3840&hm=8b16229e4d6a960804ced05e3cd5fb942d31f15d53f9760fe685235f41af1db4&,864883,https://cdn.discordapp.com/attachments/1080909590511767682/1084695336418807858/magnet-slime.gif?ex=674e89c0&is=674d3840&hm=8b16229e4d6a960804ced05e3cd5fb942d31f15d53f9760fe685235f41af1db4&,460,2b70099467815618c29a9ff391c36379,,,,0,rulesofchinese,899653442509877258,,0,rulesofchinese,,1080909590511767682,,Wherefore should I not?,2023-03-13T04:32:00.938Z,,,,,,,,,,,,,0,,,,,,,,,,,,,,,false,,,,,,,,,,,,,,,,,,,,,,,,,,false,,,,,,,,,,,,,,,,,,,,,,,,,,,,,2023-03-13T04:32:00.938000+00:00,false,0,rulesofchinese,
1084690137453187082,,,,,,,,,,,,,2b70099467815618c29a9ff391c36379,,,,0,rulesofchinese,899653442509877258,,0,rulesofchinese,,1080909590511767682,,"<@839890532117250118> maybe when I Yi Jing, I am interacting with my ancestral shoggoth *X Files theme music*",2023-03-13T04:11:21.337Z,2023-03-13T04:11:29.531000+00:00,,,,,,,,,,,,0,,,,,,,,,,,,,,,false,,42d0966224c255b4e4f0848f76c3ba8f,,,0,XianyangCB,839890532117250118,,0,xianyangcb4853,,,,,,,,,,,,,,,,false,,,,,,,,,,,,,,,,,,,,,,,,,,,,,2023-03-13T04:11:21.337000+00:00,false,0,rulesofchinese,
1084678105370730530,,,,,,,,,,,,,2b70099467815618c29a9ff391c36379,,,,0,rulesofchinese,899653442509877258,,0,rulesofchinese,,1080909590511767682,,May the switch to Tether announcements last for as long as it needs to,2023-03-13T03:23:32.665Z,,,,,,,,,,,,,0,,,,,,,,,,,,,,,false,,,,,,,,,,,,,,,,,,,,,,,,,,false,,,,,,,,,,,,,,,,,,,,,,,,,,,,,2023-03-13T03:23:32.665000+00:00,false,0,rulesofchinese,
1084678029093117973,,,,,,,,,,,,,2b70099467815618c29a9ff391c36379,,,,0,rulesofchinese,899653442509877258,,0,rulesofchinese,,1080909590511767682,,Praise be to HIM the Emperor Blockchain,2023-03-13T03:23:14.479Z,,,,,,,,,,,,,0,,,,,,,,,,,,,,,false,,,,,,,,,,,,,,,,,,,,,,,,,,false,,,,,,,,,,,,,,,,,,,,,,,,,,,,,2023-03-13T03:23:14.479000+00:00,false,0,rulesofchinese,
1084423422253219950,,,,,,,,,,,,,2b70099467815618c29a9ff391c36379,,,,0,rulesofchinese,899653442509877258,,0,rulesofchinese,,1080909590511767682,,We'll have to make do with the websiteüòÑ,2023-03-12T10:31:31.478Z,,,,,,,,,,,,,0,,,,,,,,,,,,,,,false,,,,,,,,,,,,,,,,,,,,,,,,,,false,,,,,,,,,,,,,,,,,,,,,,,,,,,,,2023-03-12T10:31:31.478000+00:00,false,0,rulesofchinese,
1084416471192571934,,,,,,,,,,,,,2b70099467815618c29a9ff391c36379,,,,0,rulesofchinese,899653442509877258,,0,rulesofchinese,,1080909590511767682,,Get whom?,2023-03-12T10:03:54.216Z,,,,,,,,,,,,,0,,,,,,,,,,,,,,,false,,5d4fa1b8f7bf8f59f9364ce31513855c,,,0,"Iram ""Chunggus"" Haan",259989926647431168,,0,iramhan4528,,,,,,,,,,,1080909590511767682,923461070562136065,1084416201557561474,0,,false,0,,,,,,,,,,,,,,,,,,,,,,,,,,,,2023-03-12T10:03:54.216000+00:00,false,19,rulesofchinese,
1084416432701452288,,,,,,,,,,,,,2b70099467815618c29a9ff391c36379,,,,0,rulesofchinese,899653442509877258,,0,rulesofchinese,,1080909590511767682,,"My version of Buddhism is orthogonal to worldly affairs, tip of the hat to <@690988196204380180> for teaching me that word. I mean to say: I acknowledge the ultimate goal of transcendence, I acknowledge anything other than transcendence into Nibbana is within the perpetual cycle of suffering. So long as we accept these two tenets, ngl kind of don't care what happens next.
Namo Buddhayaüôè",2023-03-12T10:03:45.039Z,,,,,,,,,,,,,0,,,,,,,,,,,,,,,false,,,,,0,wateru,690988196204380180,,0,wateru,,,,,,,,,,,,,,,,false,,,,0,false,1,0,1,,üíú,false,false,,,,,,,,,,,,,,,,,2023-03-12T10:03:45.039000+00:00,false,0,rulesofchinese,
1084415656931373116,,,,,,,,,,,,,2b70099467815618c29a9ff391c36379,,,,0,rulesofchinese,899653442509877258,,0,rulesofchinese,,1080909590511767682,,My comrades. Get ready to be proselytised,2023-03-12T10:00:40.081Z,,,,,,,,,,,,,0,,,,,,,,,,,,,,,false,,,,,,,,,,,,,,,,,,,,,,,,,,false,,,,,,,,,,,,,,,,,,,,,,,,,,,,,2023-03-12T10:00:40.081000+00:00,false,0,rulesofchinese,
1084415561393512558,,,,,,,,,,,,,2b70099467815618c29a9ff391c36379,,,,0,rulesofchinese,899653442509877258,,0,rulesofchinese,,1080909590511767682,,Buddha GPT,2023-03-12T10:00:17.303Z,,,,,,,,,,,,,0,,,,,,,,,,,,,,,false,,,,,,,,,,,,,,,,,,,,,,,,,,false,,,,,,,,,,,,,,,,,,,,,,,,,,,,,2023-03-12T10:00:17.303000+00:00,false,0,rulesofchinese,
1084415506393608314,,,,,,,,,,,,,2b70099467815618c29a9ff391c36379,,,,0,rulesofchinese,899653442509877258,,0,rulesofchinese,,1080909590511767682,,https://hotoke.ai/,2023-03-12T10:00:04.190Z,,,HOTOKE AI - Mechanical Buddha equipped with gpt-3.5-turbo is here to assist you with your inquiries.,HOTOKE AI - Mechanical Buddha equipped with gpt-3.5-turbo is here to assist you with your inquiries.,0,630,https://images-ext-1.discordapp.net/external/fUqw2KKKGI44_tDqo3Lo_fz88m5zPriTaN9Cs-vayg4/https/hotoke.ai/assets/images/ogp.png,https://hotoke.ai/assets/images/ogp.png,1200,HOTOKE AI - Mechanical Buddha equipped with gpt-3.5-turbo is here t...,article,https://hotoke.ai/,0,,,,,,,,,,,,,,,false,,,,,,,,,,,,,,,,,,,,,,,,,,false,,,,,,,,,,,,,,,,,,,,,,,,,,,,,2023-03-12T10:00:04.190000+00:00,false,0,rulesofchinese,
1083604037871612024,,,,,,,,,,,,,2b70099467815618c29a9ff391c36379,,,,0,rulesofchinese,899653442509877258,,0,rulesofchinese,,1080909590511767682,,Prayers to Kuan Yin Ma. It is her birthday todayüïØÔ∏èüïØÔ∏èüïØÔ∏è,2023-03-10T04:15:35.018Z,,,,,,,,,,,,,0,,,,,,,,,,,,,,,false,,,,,,,,,,,,,,,,,,,,,,,,,,false,,,,0,false,4,0,4,,üïâÔ∏è,false,false,,,,,,,,,,,,,,,,,2023-03-10T04:15:35.018000+00:00,false,0,rulesofchinese,
1082277002591088660,,,,,,,,,,,,,2b70099467815618c29a9ff391c36379,,,,0,rulesofchinese,899653442509877258,,0,rulesofchinese,,1080909590511767682,,Prayers to Yi Jing Bot,2023-03-06T12:22:25.152Z,,,,,,,,,,,,,0,,,,,,,,,,,,,,,false,,,,,,,,,,,,,,,,,,,,,,,,,,false,,,,0,false,2,0,2,,üôè,false,false,,0,false,2,0,2,,üïØÔ∏è,false,false,,,,,,,2023-03-06T12:22:25.152000+00:00,false,0,rulesofchinese,
1081531233021992970,,,,,,,,,,,,,2b70099467815618c29a9ff391c36379,,,,0,rulesofchinese,899653442509877258,,0,rulesofchinese,,1080909590511767682,,Prayers to Lady Makima. May all dates today go wellüïØÔ∏èüïØÔ∏èüïØÔ∏è,2023-03-04T10:58:59.831Z,,,,,,,,,,,,,0,,,,,,,,,,,,,,,false,,,,,,,,,,,,,,,,,,,,,,,,,,false,,,,0,false,4,0,4,,üïØÔ∏è,false,false,,0,false,1,0,1,,ü§Æ,false,false,,,,,,,2023-03-04T10:58:59.831000+00:00,false,0,rulesofchinese,
1081172841430523944,,,,,,,,,,,,,2b70099467815618c29a9ff391c36379,,,,0,rulesofchinese,899653442509877258,,0,rulesofchinese,,1080909590511767682,,Also marriage. Is he your betrothed?,2023-03-03T11:14:52.617Z,,,,,,,,,,,,,0,,,,,,,,,,,,,,,false,,,,,,,,,,,,,,,,,,,,,,,,,,false,,,,,,,,,,,,,,,,,,,,,,,,,,,,,2023-03-03T11:14:52.617000+00:00,false,0,rulesofchinese,
1081172760816009246,,,,,,,,,,,,,2b70099467815618c29a9ff391c36379,,,,0,rulesofchinese,899653442509877258,,0,rulesofchinese,,1080909590511767682,,It's about endurance and a long-lasting relationship / state of being,2023-03-03T11:14:33.397Z,,,,,,,,,,,,,0,,,,,,,,,,,,,,,false,,,,,,,,,,,,,,,,,,,,,,,,,,false,,,,,,,,,,,,,,,,,,,,,,,,,,,,,2023-03-03T11:14:33.397000+00:00,false,0,rulesofchinese,
1081168471171284992,,,,,,,,,,,,,2b70099467815618c29a9ff391c36379,,,,0,rulesofchinese,899653442509877258,,0,rulesofchinese,,1080909590511767682,,Hex 32,2023-03-03T10:57:30.666Z,,,,,,,,,,,,,0,,,,,,,,,,,,,,,false,,,,,,,,,,,,,,,,,,,,,,,,,,false,,,,,,,,,,,,,,,,,,,,,,,,,,,,,2023-03-03T10:57:30.666000+00:00,false,0,rulesofchinese,
1081158733100494898,,,,,,,,,,,,,2b70099467815618c29a9ff391c36379,,,,0,rulesofchinese,899653442509877258,,0,rulesofchinese,,1080909590511767682,,"There actually is a Yi Jing Bot on discord, but it's not the twitter one. And I'm uncomfortable switching temples",2023-03-03T10:18:48.929Z,,,,,,,,,,,,,0,,,,,,,,,,,,,,,false,,,,,,,,,,,,,,,,,,,,,,,,,,false,,,,,,,,,,,,,,,,,,,,,,,,,,,,,2023-03-03T10:18:48.929000+00:00,false,0,rulesofchinese,
1081158586387927121,,,,,,,,,,,,,2b70099467815618c29a9ff391c36379,,,,0,rulesofchinese,899653442509877258,,0,rulesofchinese,,1080909590511767682,,Did you mean to ask Yi Jing Bot?,2023-03-03T10:18:13.950Z,,,,,,,,,,,,,0,,,,,,,,,,,,,,,false,,,,,,,,,,,,,,,,,,,,,,,,,,false,,,,,,,,,,,,,,,,,,,,,,,,,,,,,2023-03-03T10:18:13.950000+00:00,false,0,rulesofchinese,
1081158532197515315,,,,,,,,,,,,,2b70099467815618c29a9ff391c36379,,,,0,rulesofchinese,899653442509877258,,0,rulesofchinese,,1080909590511767682,,*He knows what you are*,2023-03-03T10:18:01.030Z,,,,,,,,,,,,,0,,,,,,,,,,,,,,,false,,,,,,,,,,,,,,,,,,,,,,,,,,false,,,,,,,,,,,,,,,,,,,,,,,,,,,,,2023-03-03T10:18:01.030000+00:00,false,0,rulesofchinese,
1081108279872213064,,,,,,,,,,,,,2b70099467815618c29a9ff391c36379,,,,0,rulesofchinese,899653442509877258,,0,rulesofchinese,,1080909590511767682,,Praise to Yi Jing Bot,2023-03-03T06:58:19.942Z,,,,,,,,,,,,,0,,,,,,,,,,,,,,,false,,,,,,,,,,,,,,,,,,,,,,,,,,false,,,,0,false,2,0,2,,üïØÔ∏è,false,false,,,,,,,,,,,,,,,,,2023-03-03T06:58:19.942000+00:00,false,0,rulesofchinese,
1081108209495982110,,,,,,,,,,,,,2b70099467815618c29a9ff391c36379,,,,0,rulesofchinese,899653442509877258,,0,rulesofchinese,,1080909590511767682,,üïØÔ∏èüïØÔ∏èüïØÔ∏è,2023-03-03T06:58:03.163Z,,,,,,,,,,,,,0,,,,,,,,,,,,,,,false,,,,,,,,,,,,,,,,,,,,,,,,,,false,,,,,,,,,,,,,,,,,,,,,,,,,,,,,2023-03-03T06:58:03.163000+00:00,false,0,rulesofchinese,
1080915765424828427,,,,,,,,,,,,,2b70099467815618c29a9ff391c36379,,,,0,rulesofchinese,899653442509877258,,0,rulesofchinese,,1080909590511767682,,"I'm inclined to read it as if you pursue this, it's a struggle. But idk",2023-03-02T18:13:20.921Z,,,,,,,,,,,,,0,,,,,,,,,,,,,,,false,,,,,,,,,,,,,,,,,,,,,,,,,,false,,,,,,,,,,,,,,,,,,,,,,,,,,,,,2023-03-02T18:13:20.921000+00:00,false,0,rulesofchinese,
1080915617491730523,,,,,,,,,,,,,2b70099467815618c29a9ff391c36379,,,,0,rulesofchinese,899653442509877258,,0,rulesofchinese,,1080909590511767682,,So I'm trying to find the context here. Struggle - <something about waiting kind of>. Persisting and ignoring discouragement. Is that me? Idk. Is it a struggle against the difficulties? Is it a struggle to get out?,2023-03-02T18:12:45.651Z,2023-03-02T18:34:21.809000+00:00,,,,,,,,,,,,0,,,,,,,,,,,,,,,false,,,,,,,,,,,,,,,,,,,,,,,,,,false,,,,,,,,,,,,,,,,,,,,,,,,,,,,,2023-03-02T18:12:45.651000+00:00,false,0,rulesofchinese,
1080915198984065225,,,,,,,,,,,,,2b70099467815618c29a9ff391c36379,,,,0,rulesofchinese,899653442509877258,,0,rulesofchinese,,1080909590511767682,,Okay. Hex 43 is about determination to subdue danger ie. overcoming challenge. Line 4 is about struggling but continuing and not listening to words of discouragement,2023-03-02T18:11:05.871Z,,,,,,,,,,,,,0,,,,,,,,,,,,,,,false,,,,,,,,,,,,,,,,,,,,,,,,,,false,,,,,,,,,,,,,,,,,,,,,,,,,,,,,2023-03-02T18:11:05.871000+00:00,false,0,rulesofchinese,
1080914316364107846,,,,,,,,,,,,,2b70099467815618c29a9ff391c36379,,,,0,rulesofchinese,899653442509877258,,0,rulesofchinese,,1080909590511767682,,"They are honest. So the resulting hex is 43 which is about determination. What do you believe, <@774940934529613824> ?",2023-03-02T18:07:35.438Z,,,,,,,,,,,,,0,,,,,,,,,,,,,,,false,,d786da3a77e6f9d30700957a71018cff,,,0,,774940934529613824,,0,133133,,,,,,,,,,,,,,,,false,,,,,,,,,,,,,,,,,,,,,,,,,,,,,2023-03-02T18:07:35.438000+00:00,false,0,rulesofchinese,
1080913598517346394,,,,,,,,,,,,,2b70099467815618c29a9ff391c36379,,,,0,rulesofchinese,899653442509877258,,0,rulesofchinese,,1080909590511767682,,okay,2023-03-02T18:04:44.290Z,,,,,,,,,,,,,0,,,,,,,,,,,,,,,false,,,,,,,,,,,,,,,,,,,,,,,,,,false,,,,,,,,,,,,,,,,,,,,,,,,,,,,,2023-03-02T18:04:44.290000+00:00,false,0,rulesofchinese,
1080913149433221210,,,,,,,,,,,,,2b70099467815618c29a9ff391c36379,,,,0,rulesofchinese,899653442509877258,,0,rulesofchinese,,1080909590511767682,,Are they honest?,2023-03-02T18:02:57.220Z,2023-03-02T18:26:46.604000+00:00,,,,,,,,,,,,0,,,,,,,,,,,,,,,false,,,,,,,,,,,,,,,,,,,,,,,,,,false,,,,,,,,,,,,,,,,,,,,,,,,,,,,,2023-03-02T18:02:57.220000+00:00,false,0,rulesofchinese,
1080913059910008853,,,,,,,,,,,,,2b70099467815618c29a9ff391c36379,,,,0,rulesofchinese,899653442509877258,,0,rulesofchinese,,1080909590511767682,,The changing hexagram is 43. Do you speak with them a lot?,2023-03-02T18:02:35.876Z,2023-03-02T18:26:34.738000+00:00,,,,,,,,,,,,0,,,,,,,,,,,,,,,false,,,,,,,,,,,,,,,,,,,,,,,,,,false,,,,,,,,,,,,,,,,,,,,,,,,,,,,,2023-03-02T18:02:35.876000+00:00,false,0,rulesofchinese,
1080912728404799588,,,,,,,,,,,,,2b70099467815618c29a9ff391c36379,,,,0,rulesofchinese,899653442509877258,,0,rulesofchinese,,1080909590511767682,,Okay. So Line 4 is about waiting somewhere safe but there are signs of injury. So where you are is not recommended necessarily,2023-03-02T18:01:16.839Z,,,,,,,,,,,,,0,,,,,,,,,,,,,,,false,,,,,,,,,,,,,,,,,,,,,,,,,,false,,,,,,,,,,,,,,,,,,,,,,,,,,,,,2023-03-02T18:01:16.839000+00:00,false,0,rulesofchinese,
1080911970628272169,,,,,,,,,,,,,2b70099467815618c29a9ff391c36379,,,,0,rulesofchinese,899653442509877258,,0,rulesofchinese,,1080909590511767682,,Is it good? What you have? Right now.,2023-03-02T17:58:16.171Z,,,,,,,,,,,,,0,,,,,,,,,,,,,,,false,,,,,,,,,,,,,,,,,,,,,,,,,,false,,,,,,,,,,,,,,,,,,,,,,,,,,,,,2023-03-02T17:58:16.171000+00:00,false,0,rulesofchinese,
1080911915003416576,,,,,,,,,,,,,2b70099467815618c29a9ff391c36379,,,,0,rulesofchinese,899653442509877258,,0,rulesofchinese,,1080909590511767682,,Line 4 says you shouldn't keep waiting. Mind you I don't know the full details,2023-03-02T17:58:02.909Z,,,,,,,,,,,,,0,,,,,,,,,,,,,,,false,,,,,,,,,,,,,,,,,,,,,,,,,,false,,,,,,,,,,,,,,,,,,,,,,,,,,,,,2023-03-02T17:58:02.909000+00:00,false,0,rulesofchinese,
1080911001689526354,,,,,,,,,,,,,2b70099467815618c29a9ff391c36379,,,,0,rulesofchinese,899653442509877258,,0,rulesofchinese,,1080909590511767682,,Are you single? Looking? Established?,2023-03-02T17:54:25.158Z,,,,,,,,,,,,,0,,,,,,,,,,,,,,,false,,,,,,,,,,,,,,,,,,,,,,,,,,false,,,,,,,,,,,,,,,,,,,,,,,,,,,,,2023-03-02T17:54:25.158000+00:00,false,0,rulesofchinese,
1080910696147079209,,,,,image/jpeg,image0.jpg,370,1080910695916376064,https://media.discordapp.net/attachments/1080909590511767682/1080910695916376064/image0.jpg?ex=674df408&is=674ca288&hm=3df991e638226666c85d97066b4b275fd934479e2c48eb099731b6325332ed44&,26350,https://cdn.discordapp.com/attachments/1080909590511767682/1080910695916376064/image0.jpg?ex=674df408&is=674ca288&hm=3df991e638226666c85d97066b4b275fd934479e2c48eb099731b6325332ed44&,849,2b70099467815618c29a9ff391c36379,,,,0,rulesofchinese,899653442509877258,,0,rulesofchinese,,1080909590511767682,,,2023-03-02T17:53:12.311Z,,,,,,,,,,,,,0,,,,,,,,,,,,,,,false,,d786da3a77e6f9d30700957a71018cff,,,0,,774940934529613824,,0,133133,,,,,,,,,,,1080909590511767682,923461070562136065,1080910387098161202,0,,false,0,,,,,,,,,,,,,,,,,,,,,,,,,,,,2023-03-02T17:53:12.311000+00:00,false,19,rulesofchinese,
1080910308719198229,,,,,image/jpeg,Screenshot_20230303_015123_Discord.jpg,1546,1080910308492722186,https://media.discordapp.net/attachments/1080909590511767682/1080910308492722186/Screenshot_20230303_015123_Discord.jpg?ex=674df3ab&is=674ca22b&hm=5f99785e72cb5be66a60da67561ac82b85aea829b61f8b353344b693e5892d36&,114623,https://cdn.discordapp.com/attachments/1080909590511767682/1080910308492722186/Screenshot_20230303_015123_Discord.jpg?ex=674df3ab&is=674ca22b&hm=5f99785e72cb5be66a60da67561ac82b85aea829b61f8b353344b693e5892d36&,1078,2b70099467815618c29a9ff391c36379,,,,0,rulesofchinese,899653442509877258,,0,rulesofchinese,,1080909590511767682,,ICYMI,2023-03-02T17:51:39.941Z,,,,,,,,,,,,,0,,,,,,,,,,,,,,,false,,,,,,,,,,,,,,,,,,,,,,,,,,false,,,,,,,,,,,,,,,,,,,,,,,,,,,,,2023-03-02T17:51:39.941000+00:00,false,0,rulesofchinese,
1080909927737991198,,,,,,,,,,,,,2b70099467815618c29a9ff391c36379,,,,0,rulesofchinese,899653442509877258,,0,rulesofchinese,,1080909590511767682,,<@774940934529613824> talk here for temple-related mattersüôè,2023-03-02T17:50:09.108Z,,,,,,,,,,,,,0,,,,,,,,,,,,,,,false,,d786da3a77e6f9d30700957a71018cff,,,0,,774940934529613824,,0,133133,,,,,,,,,,,,,,,,false,,,,0,false,2,0,2,,üôè,false,false,,,,,,,,,,,,,,,,,2023-03-02T17:50:09.108000+00:00,false,0,rulesofchinese,